id;sequence;type;filename;originalFilename;destination;directory;exiftoolData;order;createdAt;isFavourite;observations;deployment
4133b954-7cc2-4dff-894b-ffd0f4532f4d;dd77da24-498b-43a5-a3b3-3ea033476638;image;20180531111450-IMG_0205.JPG;IMG_0205.JPG;20180430143453-untitled/018549d3-e045-421b-baef-42557e55c470;/opt/app/uploads/deployment-images/20180430143453-untitled/018549d3-e045-421b-baef-42557e55c470;"{""EXIF"": {""ISO"": 800, ""Make"": ""RECONYX"", ""Flash"": ""Auto, Fired"", ""Model"": ""HC600 HYPERFIRE"", ""ColorSpace"": ""sRGB"", ""CreateDate"": ""2018:04:26 23:43:41"", ""ModifyDate"": ""2018:04:26 23:43:41"", ""ExifVersion"": ""0220"", ""XResolution"": 72, ""YResolution"": 72, ""ExposureMode"": ""Auto"", ""ExposureTime"": ""1/30"", ""WhiteBalance"": ""Manual"", ""ExifImageWidth"": 1920, ""ResolutionUnit"": ""inches"", ""ExifImageHeight"": 1080, ""FlashpixVersion"": ""0100"", ""DateTimeOriginal"": ""2018:04:26 23:43:41"", ""SceneCaptureType"": ""Night"", ""YCbCrPositioning"": ""Co-sited"", ""ComponentsConfiguration"": ""Y, Cb, Cr, -""}, ""File"": {""FileName"": ""20180531111450-IMG_0205.JPG"", ""FileSize"": ""255 kB"", ""FileType"": ""JPEG"", ""MIMEType"": ""image/jpeg"", ""Directory"": ""/opt/app/uploads/deployment-images/20180430143453-untitled/018549d3-e045-421b-baef-42557e55c470"", ""ImageWidth"": 1920, ""ImageHeight"": 1080, ""BitsPerSample"": 8, ""ExifByteOrder"": ""Little-endian (Intel, II)"", ""FileAccessDate"": ""2018:05:31 11:14:50+00:00"", ""FileModifyDate"": ""2018:05:31 11:14:50+00:00"", ""ColorComponents"": 3, ""EncodingProcess"": ""Baseline DCT, Huffman coding"", ""FilePermissions"": ""rw-r--r--"", ""YCbCrSubSampling"": ""YCbCr4:2:2 (2 1)"", ""FileTypeExtension"": ""jpg"", ""FileInodeChangeDate"": ""2018:05:31 11:14:50+00:00""}, ""ExifTool"": {""ExifToolVersion"": 10.61}, ""Composite"": {""ImageSize"": ""1920x1080"", ""Megapixels"": 2.1, ""ShutterSpeed"": ""1/30""}, ""MakerNotes"": {""Contrast"": 160, ""Sequence"": ""1 of 10"", ""MoonPhase"": ""Waxing Gibbous"", ""Sharpness"": 32, ""UserLabel"": ""NPHK 1-42"", ""Brightness"": 0, ""Saturation"": 0, ""EventNumber"": 16, ""TriggerMode"": ""Motion Detection"", ""FirmwareDate"": ""2016:12:29"", ""SerialNumber"": ""H600HK08281791"", ""BatteryVoltage"": ""9.45 V"", ""FirmwareVersion"": ""4.2.0"", ""DateTimeOriginal"": ""2018:04:26 23:43:41"", ""MakerNoteVersion"": ""0xf101"", ""MotionSensitivity"": 100, ""AmbientTemperature"": ""8 C"", ""InfraredIlluminator"": ""On"", ""AmbientTemperatureFahrenheit"": ""46 F""}, ""SourceFile"": ""/opt/app/uploads/deployment-images/20180430143453-untitled/018549d3-e045-421b-baef-42557e55c470/20180531111450-IMG_0205.JPG""}";0;26/04/2018 23:43;;{};018549d3-e045-421b-baef-42557e55c470
2b2a5a16-d1db-4784-a5b9-1f48fde39768;dd77da24-498b-43a5-a3b3-3ea033476638;image;20180531111453-IMG_0206.JPG;IMG_0206.JPG;20180430143453-untitled/018549d3-e045-421b-baef-42557e55c470;/opt/app/uploads/deployment-images/20180430143453-untitled/018549d3-e045-421b-baef-42557e55c470;"{""EXIF"": {""ISO"": 800, ""Make"": ""RECONYX"", ""Flash"": ""Auto, Fired"", ""Model"": ""HC600 HYPERFIRE"", ""ColorSpace"": ""sRGB"", ""CreateDate"": ""2018:04:26 23:43:42"", ""ModifyDate"": ""2018:04:26 23:43:42"", ""ExifVersion"": ""0220"", ""XResolution"": 72, ""YResolution"": 72, ""ExposureMode"": ""Auto"", ""ExposureTime"": ""1/30"", ""WhiteBalance"": ""Manual"", ""ExifImageWidth"": 1920, ""ResolutionUnit"": ""inches"", ""ExifImageHeight"": 1080, ""FlashpixVersion"": ""0100"", ""DateTimeOriginal"": ""2018:04:26 23:43:42"", ""SceneCaptureType"": ""Night"", ""YCbCrPositioning"": ""Co-sited"", ""ComponentsConfiguration"": ""Y, Cb, Cr, -""}, ""File"": {""FileName"": ""20180531111453-IMG_0206.JPG"", ""FileSize"": ""251 kB"", ""FileType"": ""JPEG"", ""MIMEType"": ""image/jpeg"", ""Directory"": ""/opt/app/uploads/deployment-images/20180430143453-untitled/018549d3-e045-421b-baef-42557e55c470"", ""ImageWidth"": 1920, ""ImageHeight"": 1080, ""BitsPerSample"": 8, ""ExifByteOrder"": ""Little-endian (Intel, II)"", ""FileAccessDate"": ""2018:05:31 11:14:53+00:00"", ""FileModifyDate"": ""2018:05:31 11:14:53+00:00"", ""ColorComponents"": 3, ""EncodingProcess"": ""Baseline DCT, Huffman coding"", ""FilePermissions"": ""rw-r--r--"", ""YCbCrSubSampling"": ""YCbCr4:2:2 (2 1)"", ""FileTypeExtension"": ""jpg"", ""FileInodeChangeDate"": ""2018:05:31 11:14:53+00:00""}, ""ExifTool"": {""ExifToolVersion"": 10.61}, ""Composite"": {""ImageSize"": ""1920x1080"", ""Megapixels"": 2.1, ""ShutterSpeed"": ""1/30""}, ""MakerNotes"": {""Contrast"": 160, ""Sequence"": ""2 of 10"", ""MoonPhase"": ""Waxing Gibbous"", ""Sharpness"": 32, ""UserLabel"": ""NPHK 1-42"", ""Brightness"": 0, ""Saturation"": 0, ""EventNumber"": 16, ""TriggerMode"": ""Motion Detection"", ""FirmwareDate"": ""2016:12:29"", ""SerialNumber"": ""H600HK08281791"", ""BatteryVoltage"": ""9.52 V"", ""FirmwareVersion"": ""4.2.0"", ""DateTimeOriginal"": ""2018:04:26 23:43:42"", ""MakerNoteVersion"": ""0xf101"", ""MotionSensitivity"": 100, ""AmbientTemperature"": ""8 C"", ""InfraredIlluminator"": ""On"", ""AmbientTemperatureFahrenheit"": ""46 F""}, ""SourceFile"": ""/opt/app/uploads/deployment-images/20180430143453-untitled/018549d3-e045-421b-baef-42557e55c470/20180531111453-IMG_0206.JPG""}";1;26/04/2018 23:43;;{};018549d3-e045-421b-baef-42557e55c470
6f1cce82-ed1a-40de-8ad6-9398380175b5;dd77da24-498b-43a5-a3b3-3ea033476638;image;20180531111453-IMG_0207.JPG;IMG_0207.JPG;20180430143453-untitled/018549d3-e045-421b-baef-42557e55c470;/opt/app/uploads/deployment-images/20180430143453-untitled/018549d3-e045-421b-baef-42557e55c470;"{""EXIF"": {""ISO"": 800, ""Make"": ""RECONYX"", ""Flash"": ""Auto, Fired"", ""Model"": ""HC600 HYPERFIRE"", ""ColorSpace"": ""sRGB"", ""CreateDate"": ""2018:04:26 23:43:42"", ""ModifyDate"": ""2018:04:26 23:43:42"", ""ExifVersion"": ""0220"", ""XResolution"": 72, ""YResolution"": 72, ""ExposureMode"": ""Auto"", ""ExposureTime"": ""1/30"", ""WhiteBalance"": ""Manual"", ""ExifImageWidth"": 1920, ""ResolutionUnit"": ""inches"", ""ExifImageHeight"": 1080, ""FlashpixVersion"": ""0100"", ""DateTimeOriginal"": ""2018:04:26 23:43:42"", ""SceneCaptureType"": ""Night"", ""YCbCrPositioning"": ""Co-sited"", ""ComponentsConfiguration"": ""Y, Cb, Cr, -""}, ""File"": {""FileName"": ""20180531111453-IMG_0207.JPG"", ""FileSize"": ""249 kB"", ""FileType"": ""JPEG"", ""MIMEType"": ""image/jpeg"", ""Directory"": ""/opt/app/uploads/deployment-images/20180430143453-untitled/018549d3-e045-421b-baef-42557e55c470"", ""ImageWidth"": 1920, ""ImageHeight"": 1080, ""BitsPerSample"": 8, ""ExifByteOrder"": ""Little-endian (Intel, II)"", ""FileAccessDate"": ""2018:05:31 11:14:53+00:00"", ""FileModifyDate"": ""2018:05:31 11:14:53+00:00"", ""ColorComponents"": 3, ""EncodingProcess"": ""Baseline DCT, Huffman coding"", ""FilePermissions"": ""rw-r--r--"", ""YCbCrSubSampling"": ""YCbCr4:2:2 (2 1)"", ""FileTypeExtension"": ""jpg"", ""FileInodeChangeDate"": ""2018:05:31 11:14:53+00:00""}, ""ExifTool"": {""ExifToolVersion"": 10.61}, ""Composite"": {""ImageSize"": ""1920x1080"", ""Megapixels"": 2.1, ""ShutterSpeed"": ""1/30""}, ""MakerNotes"": {""Contrast"": 160, ""Sequence"": ""3 of 10"", ""MoonPhase"": ""Waxing Gibbous"", ""Sharpness"": 32, ""UserLabel"": ""NPHK 1-42"", ""Brightness"": 0, ""Saturation"": 0, ""EventNumber"": 16, ""TriggerMode"": ""Motion Detection"", ""FirmwareDate"": ""2016:12:29"", ""SerialNumber"": ""H600HK08281791"", ""BatteryVoltage"": ""9.47 V"", ""FirmwareVersion"": ""4.2.0"", ""DateTimeOriginal"": ""2018:04:26 23:43:42"", ""MakerNoteVersion"": ""0xf101"", ""MotionSensitivity"": 100, ""AmbientTemperature"": ""8 C"", ""InfraredIlluminator"": ""On"", ""AmbientTemperatureFahrenheit"": ""46 F""}, ""SourceFile"": ""/opt/app/uploads/deployment-images/20180430143453-untitled/018549d3-e045-421b-baef-42557e55c470/20180531111453-IMG_0207.JPG""}";2;26/04/2018 23:43;;{};018549d3-e045-421b-baef-42557e55c470
1714de19-27b1-46b5-8842-1f89c98c0137;dd77da24-498b-43a5-a3b3-3ea033476638;image;20180531111453-IMG_0208.JPG;IMG_0208.JPG;20180430143453-untitled/018549d3-e045-421b-baef-42557e55c470;/opt/app/uploads/deployment-images/20180430143453-untitled/018549d3-e045-421b-baef-42557e55c470;"{""EXIF"": {""ISO"": 800, ""Make"": ""RECONYX"", ""Flash"": ""Auto, Fired"", ""Model"": ""HC600 HYPERFIRE"", ""ColorSpace"": ""sRGB"", ""CreateDate"": ""2018:04:26 23:43:43"", ""ModifyDate"": ""2018:04:26 23:43:43"", ""ExifVersion"": ""0220"", ""XResolution"": 72, ""YResolution"": 72, ""ExposureMode"": ""Auto"", ""ExposureTime"": ""1/30"", ""WhiteBalance"": ""Manual"", ""ExifImageWidth"": 1920, ""ResolutionUnit"": ""inches"", ""ExifImageHeight"": 1080, ""FlashpixVersion"": ""0100"", ""DateTimeOriginal"": ""2018:04:26 23:43:43"", ""SceneCaptureType"": ""Night"", ""YCbCrPositioning"": ""Co-sited"", ""ComponentsConfiguration"": ""Y, Cb, Cr, -""}, ""File"": {""FileName"": ""20180531111453-IMG_0208.JPG"", ""FileSize"": ""250 kB"", ""FileType"": ""JPEG"", ""MIMEType"": ""image/jpeg"", ""Directory"": ""/opt/app/uploads/deployment-images/20180430143453-untitled/018549d3-e045-421b-baef-42557e55c470"", ""ImageWidth"": 1920, ""ImageHeight"": 1080, ""BitsPerSample"": 8, ""ExifByteOrder"": ""Little-endian (Intel, II)"", ""FileAccessDate"": ""2018:05:31 11:14:53+00:00"", ""FileModifyDate"": ""2018:05:31 11:14:53+00:00"", ""ColorComponents"": 3, ""EncodingProcess"": ""Baseline DCT, Huffman coding"", ""FilePermissions"": ""rw-r--r--"", ""YCbCrSubSampling"": ""YCbCr4:2:2 (2 1)"", ""FileTypeExtension"": ""jpg"", ""FileInodeChangeDate"": ""2018:05:31 11:14:53+00:00""}, ""ExifTool"": {""ExifToolVersion"": 10.61}, ""Composite"": {""ImageSize"": ""1920x1080"", ""Megapixels"": 2.1, ""ShutterSpeed"": ""1/30""}, ""MakerNotes"": {""Contrast"": 160, ""Sequence"": ""4 of 10"", ""MoonPhase"": ""Waxing Gibbous"", ""Sharpness"": 32, ""UserLabel"": ""NPHK 1-42"", ""Brightness"": 0, ""Saturation"": 0, ""EventNumber"": 16, ""TriggerMode"": ""Motion Detection"", ""FirmwareDate"": ""2016:12:29"", ""SerialNumber"": ""H600HK08281791"", ""BatteryVoltage"": ""9.42 V"", ""FirmwareVersion"": ""4.2.0"", ""DateTimeOriginal"": ""2018:04:26 23:43:43"", ""MakerNoteVersion"": ""0xf101"", ""MotionSensitivity"": 100, ""AmbientTemperature"": ""8 C"", ""InfraredIlluminator"": ""On"", ""AmbientTemperatureFahrenheit"": ""46 F""}, ""SourceFile"": ""/opt/app/uploads/deployment-images/20180430143453-untitled/018549d3-e045-421b-baef-42557e55c470/20180531111453-IMG_0208.JPG""}";3;26/04/2018 23:43;;{};018549d3-e045-421b-baef-42557e55c470
32a0f8ca-1571-4ab1-abe6-4a5ac6ccd685;dd77da24-498b-43a5-a3b3-3ea033476638;image;20180531111453-IMG_0209.JPG;IMG_0209.JPG;20180430143453-untitled/018549d3-e045-421b-baef-42557e55c470;/opt/app/uploads/deployment-images/20180430143453-untitled/018549d3-e045-421b-baef-42557e55c470;"{""EXIF"": {""ISO"": 800, ""Make"": ""RECONYX"", ""Flash"": ""Auto, Fired"", ""Model"": ""HC600 HYPERFIRE"", ""ColorSpace"": ""sRGB"", ""CreateDate"": ""2018:04:26 23:43:44"", ""ModifyDate"": ""2018:04:26 23:43:44"", ""ExifVersion"": ""0220"", ""XResolution"": 72, ""YResolution"": 72, ""ExposureMode"": ""Auto"", ""ExposureTime"": ""1/30"", ""WhiteBalance"": ""Manual"", ""ExifImageWidth"": 1920, ""ResolutionUnit"": ""inches"", ""ExifImageHeight"": 1080, ""FlashpixVersion"": ""0100"", ""DateTimeOriginal"": ""2018:04:26 23:43:44"", ""SceneCaptureType"": ""Night"", ""YCbCrPositioning"": ""Co-sited"", ""ComponentsConfiguration"": ""Y, Cb, Cr, -""}, ""File"": {""FileName"": ""20180531111453-IMG_0209.JPG"", ""FileSize"": ""252 kB"", ""FileType"": ""JPEG"", ""MIMEType"": ""image/jpeg"", ""Directory"": ""/opt/app/uploads/deployment-images/20180430143453-untitled/018549d3-e045-421b-baef-42557e55c470"", ""ImageWidth"": 1920, ""ImageHeight"": 1080, ""BitsPerSample"": 8, ""ExifByteOrder"": ""Little-endian (Intel, II)"", ""FileAccessDate"": ""2018:05:31 11:14:53+00:00"", ""FileModifyDate"": ""2018:05:31 11:14:53+00:00"", ""ColorComponents"": 3, ""EncodingProcess"": ""Baseline DCT, Huffman coding"", ""FilePermissions"": ""rw-r--r--"", ""YCbCrSubSampling"": ""YCbCr4:2:2 (2 1)"", ""FileTypeExtension"": ""jpg"", ""FileInodeChangeDate"": ""2018:05:31 11:14:53+00:00""}, ""ExifTool"": {""ExifToolVersion"": 10.61}, ""Composite"": {""ImageSize"": ""1920x1080"", ""Megapixels"": 2.1, ""ShutterSpeed"": ""1/30""}, ""MakerNotes"": {""Contrast"": 160, ""Sequence"": ""5 of 10"", ""MoonPhase"": ""Waxing Gibbous"", ""Sharpness"": 32, ""UserLabel"": ""NPHK 1-42"", ""Brightness"": 0, ""Saturation"": 0, ""EventNumber"": 16, ""TriggerMode"": ""Motion Detection"", ""FirmwareDate"": ""2016:12:29"", ""SerialNumber"": ""H600HK08281791"", ""BatteryVoltage"": ""9.37 V"", ""FirmwareVersion"": ""4.2.0"", ""DateTimeOriginal"": ""2018:04:26 23:43:44"", ""MakerNoteVersion"": ""0xf101"", ""MotionSensitivity"": 100, ""AmbientTemperature"": ""8 C"", ""InfraredIlluminator"": ""On"", ""AmbientTemperatureFahrenheit"": ""46 F""}, ""SourceFile"": ""/opt/app/uploads/deployment-images/20180430143453-untitled/018549d3-e045-421b-baef-42557e55c470/20180531111453-IMG_0209.JPG""}";4;26/04/2018 23:43;;{};018549d3-e045-421b-baef-42557e55c470
0b090eac-7d8e-4945-99c1-22c445bcb02e;dd77da24-498b-43a5-a3b3-3ea033476638;image;20180531111453-IMG_0210.JPG;IMG_0210.JPG;20180430143453-untitled/018549d3-e045-421b-baef-42557e55c470;/opt/app/uploads/deployment-images/20180430143453-untitled/018549d3-e045-421b-baef-42557e55c470;"{""EXIF"": {""ISO"": 800, ""Make"": ""RECONYX"", ""Flash"": ""Auto, Fired"", ""Model"": ""HC600 HYPERFIRE"", ""ColorSpace"": ""sRGB"", ""CreateDate"": ""2018:04:26 23:43:44"", ""ModifyDate"": ""2018:04:26 23:43:44"", ""ExifVersion"": ""0220"", ""XResolution"": 72, ""YResolution"": 72, ""ExposureMode"": ""Auto"", ""ExposureTime"": ""1/30"", ""WhiteBalance"": ""Manual"", ""ExifImageWidth"": 1920, ""ResolutionUnit"": ""inches"", ""ExifImageHeight"": 1080, ""FlashpixVersion"": ""0100"", ""DateTimeOriginal"": ""2018:04:26 23:43:44"", ""SceneCaptureType"": ""Night"", ""YCbCrPositioning"": ""Co-sited"", ""ComponentsConfiguration"": ""Y, Cb, Cr, -""}, ""File"": {""FileName"": ""20180531111453-IMG_0210.JPG"", ""FileSize"": ""252 kB"", ""FileType"": ""JPEG"", ""MIMEType"": ""image/jpeg"", ""Directory"": ""/opt/app/uploads/deployment-images/20180430143453-untitled/018549d3-e045-421b-baef-42557e55c470"", ""ImageWidth"": 1920, ""ImageHeight"": 1080, ""BitsPerSample"": 8, ""ExifByteOrder"": ""Little-endian (Intel, II)"", ""FileAccessDate"": ""2018:05:31 11:14:53+00:00"", ""FileModifyDate"": ""2018:05:31 11:14:53+00:00"", ""ColorComponents"": 3, ""EncodingProcess"": ""Baseline DCT, Huffman coding"", ""FilePermissions"": ""rw-r--r--"", ""YCbCrSubSampling"": ""YCbCr4:2:2 (2 1)"", ""FileTypeExtension"": ""jpg"", ""FileInodeChangeDate"": ""2018:05:31 11:14:53+00:00""}, ""ExifTool"": {""ExifToolVersion"": 10.61}, ""Composite"": {""ImageSize"": ""1920x1080"", ""Megapixels"": 2.1, ""ShutterSpeed"": ""1/30""}, ""MakerNotes"": {""Contrast"": 160, ""Sequence"": ""6 of 10"", ""MoonPhase"": ""Waxing Gibbous"", ""Sharpness"": 32, ""UserLabel"": ""NPHK 1-42"", ""Brightness"": 0, ""Saturation"": 0, ""EventNumber"": 16, ""TriggerMode"": ""Motion Detection"", ""FirmwareDate"": ""2016:12:29"", ""SerialNumber"": ""H600HK08281791"", ""BatteryVoltage"": ""9.37 V"", ""FirmwareVersion"": ""4.2.0"", ""DateTimeOriginal"": ""2018:04:26 23:43:44"", ""MakerNoteVersion"": ""0xf101"", ""MotionSensitivity"": 100, ""AmbientTemperature"": ""8 C"", ""InfraredIlluminator"": ""On"", ""AmbientTemperatureFahrenheit"": ""46 F""}, ""SourceFile"": ""/opt/app/uploads/deployment-images/20180430143453-untitled/018549d3-e045-421b-baef-42557e55c470/20180531111453-IMG_0210.JPG""}";5;26/04/2018 23:43;;{};018549d3-e045-421b-baef-42557e55c470
b9dcc032-cb4f-404f-8851-9eb28e1b03f9;dd77da24-498b-43a5-a3b3-3ea033476638;image;20180531111456-IMG_0211.JPG;IMG_0211.JPG;20180430143453-untitled/018549d3-e045-421b-baef-42557e55c470;/opt/app/uploads/deployment-images/20180430143453-untitled/018549d3-e045-421b-baef-42557e55c470;"{""EXIF"": {""ISO"": 800, ""Make"": ""RECONYX"", ""Flash"": ""Auto, Fired"", ""Model"": ""HC600 HYPERFIRE"", ""ColorSpace"": ""sRGB"", ""CreateDate"": ""2018:04:26 23:43:45"", ""ModifyDate"": ""2018:04:26 23:43:45"", ""ExifVersion"": ""0220"", ""XResolution"": 72, ""YResolution"": 72, ""ExposureMode"": ""Auto"", ""ExposureTime"": ""1/30"", ""WhiteBalance"": ""Manual"", ""ExifImageWidth"": 1920, ""ResolutionUnit"": ""inches"", ""ExifImageHeight"": 1080, ""FlashpixVersion"": ""0100"", ""DateTimeOriginal"": ""2018:04:26 23:43:45"", ""SceneCaptureType"": ""Night"", ""YCbCrPositioning"": ""Co-sited"", ""ComponentsConfiguration"": ""Y, Cb, Cr, -""}, ""File"": {""FileName"": ""20180531111456-IMG_0211.JPG"", ""FileSize"": ""254 kB"", ""FileType"": ""JPEG"", ""MIMEType"": ""image/jpeg"", ""Directory"": ""/opt/app/uploads/deployment-images/20180430143453-untitled/018549d3-e045-421b-baef-42557e55c470"", ""ImageWidth"": 1920, ""ImageHeight"": 1080, ""BitsPerSample"": 8, ""ExifByteOrder"": ""Little-endian (Intel, II)"", ""FileAccessDate"": ""2018:05:31 11:14:56+00:00"", ""FileModifyDate"": ""2018:05:31 11:14:56+00:00"", ""ColorComponents"": 3, ""EncodingProcess"": ""Baseline DCT, Huffman coding"", ""FilePermissions"": ""rw-r--r--"", ""YCbCrSubSampling"": ""YCbCr4:2:2 (2 1)"", ""FileTypeExtension"": ""jpg"", ""FileInodeChangeDate"": ""2018:05:31 11:14:56+00:00""}, ""ExifTool"": {""ExifToolVersion"": 10.61}, ""Composite"": {""ImageSize"": ""1920x1080"", ""Megapixels"": 2.1, ""ShutterSpeed"": ""1/30""}, ""MakerNotes"": {""Contrast"": 160, ""Sequence"": ""7 of 10"", ""MoonPhase"": ""Waxing Gibbous"", ""Sharpness"": 32, ""UserLabel"": ""NPHK 1-42"", ""Brightness"": 0, ""Saturation"": 0, ""EventNumber"": 16, ""TriggerMode"": ""Motion Detection"", ""FirmwareDate"": ""2016:12:29"", ""SerialNumber"": ""H600HK08281791"", ""BatteryVoltage"": ""9.32 V"", ""FirmwareVersion"": ""4.2.0"", ""DateTimeOriginal"": ""2018:04:26 23:43:45"", ""MakerNoteVersion"": ""0xf101"", ""MotionSensitivity"": 100, ""AmbientTemperature"": ""8 C"", ""InfraredIlluminator"": ""On"", ""AmbientTemperatureFahrenheit"": ""46 F""}, ""SourceFile"": ""/opt/app/uploads/deployment-images/20180430143453-untitled/018549d3-e045-421b-baef-42557e55c470/20180531111456-IMG_0211.JPG""}";6;26/04/2018 23:43;;{};018549d3-e045-421b-baef-42557e55c470
3418abb2-803b-46e9-9ad4-e79ac00f8e2f;dd77da24-498b-43a5-a3b3-3ea033476638;image;20180531111456-IMG_0212.JPG;IMG_0212.JPG;20180430143453-untitled/018549d3-e045-421b-baef-42557e55c470;/opt/app/uploads/deployment-images/20180430143453-untitled/018549d3-e045-421b-baef-42557e55c470;"{""EXIF"": {""ISO"": 800, ""Make"": ""RECONYX"", ""Flash"": ""Auto, Fired"", ""Model"": ""HC600 HYPERFIRE"", ""ColorSpace"": ""sRGB"", ""CreateDate"": ""2018:04:26 23:43:45"", ""ModifyDate"": ""2018:04:26 23:43:45"", ""ExifVersion"": ""0220"", ""XResolution"": 72, ""YResolution"": 72, ""ExposureMode"": ""Auto"", ""ExposureTime"": ""1/30"", ""WhiteBalance"": ""Manual"", ""ExifImageWidth"": 1920, ""ResolutionUnit"": ""inches"", ""ExifImageHeight"": 1080, ""FlashpixVersion"": ""0100"", ""DateTimeOriginal"": ""2018:04:26 23:43:45"", ""SceneCaptureType"": ""Night"", ""YCbCrPositioning"": ""Co-sited"", ""ComponentsConfiguration"": ""Y, Cb, Cr, -""}, ""File"": {""FileName"": ""20180531111456-IMG_0212.JPG"", ""FileSize"": ""253 kB"", ""FileType"": ""JPEG"", ""MIMEType"": ""image/jpeg"", ""Directory"": ""/opt/app/uploads/deployment-images/20180430143453-untitled/018549d3-e045-421b-baef-42557e55c470"", ""ImageWidth"": 1920, ""ImageHeight"": 1080, ""BitsPerSample"": 8, ""ExifByteOrder"": ""Little-endian (Intel, II)"", ""FileAccessDate"": ""2018:05:31 11:14:56+00:00"", ""FileModifyDate"": ""2018:05:31 11:14:56+00:00"", ""ColorComponents"": 3, ""EncodingProcess"": ""Baseline DCT, Huffman coding"", ""FilePermissions"": ""rw-r--r--"", ""YCbCrSubSampling"": ""YCbCr4:2:2 (2 1)"", ""FileTypeExtension"": ""jpg"", ""FileInodeChangeDate"": ""2018:05:31 11:14:56+00:00""}, ""ExifTool"": {""ExifToolVersion"": 10.61}, ""Composite"": {""ImageSize"": ""1920x1080"", ""Megapixels"": 2.1, ""ShutterSpeed"": ""1/30""}, ""MakerNotes"": {""Contrast"": 160, ""Sequence"": ""8 of 10"", ""MoonPhase"": ""Waxing Gibbous"", ""Sharpness"": 32, ""UserLabel"": ""NPHK 1-42"", ""Brightness"": 0, ""Saturation"": 0, ""EventNumber"": 16, ""TriggerMode"": ""Motion Detection"", ""FirmwareDate"": ""2016:12:29"", ""SerialNumber"": ""H600HK08281791"", ""BatteryVoltage"": ""9.27 V"", ""FirmwareVersion"": ""4.2.0"", ""DateTimeOriginal"": ""2018:04:26 23:43:45"", ""MakerNoteVersion"": ""0xf101"", ""MotionSensitivity"": 100, ""AmbientTemperature"": ""8 C"", ""InfraredIlluminator"": ""On"", ""AmbientTemperatureFahrenheit"": ""46 F""}, ""SourceFile"": ""/opt/app/uploads/deployment-images/20180430143453-untitled/018549d3-e045-421b-baef-42557e55c470/20180531111456-IMG_0212.JPG""}";7;26/04/2018 23:43;;{};018549d3-e045-421b-baef-42557e55c470
3e5092e2-0b95-43e4-b6f2-56f163b86ce5;dd77da24-498b-43a5-a3b3-3ea033476638;image;20180531111456-IMG_0213.JPG;IMG_0213.JPG;20180430143453-untitled/018549d3-e045-421b-baef-42557e55c470;/opt/app/uploads/deployment-images/20180430143453-untitled/018549d3-e045-421b-baef-42557e55c470;"{""EXIF"": {""ISO"": 800, ""Make"": ""RECONYX"", ""Flash"": ""Auto, Fired"", ""Model"": ""HC600 HYPERFIRE"", ""ColorSpace"": ""sRGB"", ""CreateDate"": ""2018:04:26 23:43:46"", ""ModifyDate"": ""2018:04:26 23:43:46"", ""ExifVersion"": ""0220"", ""XResolution"": 72, ""YResolution"": 72, ""ExposureMode"": ""Auto"", ""ExposureTime"": ""1/30"", ""WhiteBalance"": ""Manual"", ""ExifImageWidth"": 1920, ""ResolutionUnit"": ""inches"", ""ExifImageHeight"": 1080, ""FlashpixVersion"": ""0100"", ""DateTimeOriginal"": ""2018:04:26 23:43:46"", ""SceneCaptureType"": ""Night"", ""YCbCrPositioning"": ""Co-sited"", ""ComponentsConfiguration"": ""Y, Cb, Cr, -""}, ""File"": {""FileName"": ""20180531111456-IMG_0213.JPG"", ""FileSize"": ""254 kB"", ""FileType"": ""JPEG"", ""MIMEType"": ""image/jpeg"", ""Directory"": ""/opt/app/uploads/deployment-images/20180430143453-untitled/018549d3-e045-421b-baef-42557e55c470"", ""ImageWidth"": 1920, ""ImageHeight"": 1080, ""BitsPerSample"": 8, ""ExifByteOrder"": ""Little-endian (Intel, II)"", ""FileAccessDate"": ""2018:05:31 11:14:56+00:00"", ""FileModifyDate"": ""2018:05:31 11:14:56+00:00"", ""ColorComponents"": 3, ""EncodingProcess"": ""Baseline DCT, Huffman coding"", ""FilePermissions"": ""rw-r--r--"", ""YCbCrSubSampling"": ""YCbCr4:2:2 (2 1)"", ""FileTypeExtension"": ""jpg"", ""FileInodeChangeDate"": ""2018:05:31 11:14:56+00:00""}, ""ExifTool"": {""ExifToolVersion"": 10.61}, ""Composite"": {""ImageSize"": ""1920x1080"", ""Megapixels"": 2.1, ""ShutterSpeed"": ""1/30""}, ""MakerNotes"": {""Contrast"": 160, ""Sequence"": ""9 of 10"", ""MoonPhase"": ""Waxing Gibbous"", ""Sharpness"": 32, ""UserLabel"": ""NPHK 1-42"", ""Brightness"": 0, ""Saturation"": 0, ""EventNumber"": 16, ""TriggerMode"": ""Motion Detection"", ""FirmwareDate"": ""2016:12:29"", ""SerialNumber"": ""H600HK08281791"", ""BatteryVoltage"": ""9.27 V"", ""FirmwareVersion"": ""4.2.0"", ""DateTimeOriginal"": ""2018:04:26 23:43:46"", ""MakerNoteVersion"": ""0xf101"", ""MotionSensitivity"": 100, ""AmbientTemperature"": ""8 C"", ""InfraredIlluminator"": ""On"", ""AmbientTemperatureFahrenheit"": ""46 F""}, ""SourceFile"": ""/opt/app/uploads/deployment-images/20180430143453-untitled/018549d3-e045-421b-baef-42557e55c470/20180531111456-IMG_0213.JPG""}";8;26/04/2018 23:43;;{};018549d3-e045-421b-baef-42557e55c470
dea46d3a-6cbc-4649-9f6e-5f5fb662948a;dd77da24-498b-43a5-a3b3-3ea033476638;image;20180531111456-IMG_0214.JPG;IMG_0214.JPG;20180430143453-untitled/018549d3-e045-421b-baef-42557e55c470;/opt/app/uploads/deployment-images/20180430143453-untitled/018549d3-e045-421b-baef-42557e55c470;"{""EXIF"": {""ISO"": 800, ""Make"": ""RECONYX"", ""Flash"": ""Auto, Fired"", ""Model"": ""HC600 HYPERFIRE"", ""ColorSpace"": ""sRGB"", ""CreateDate"": ""2018:04:26 23:43:47"", ""ModifyDate"": ""2018:04:26 23:43:47"", ""ExifVersion"": ""0220"", ""XResolution"": 72, ""YResolution"": 72, ""ExposureMode"": ""Auto"", ""ExposureTime"": ""1/30"", ""WhiteBalance"": ""Manual"", ""ExifImageWidth"": 1920, ""ResolutionUnit"": ""inches"", ""ExifImageHeight"": 1080, ""FlashpixVersion"": ""0100"", ""DateTimeOriginal"": ""2018:04:26 23:43:47"", ""SceneCaptureType"": ""Night"", ""YCbCrPositioning"": ""Co-sited"", ""ComponentsConfiguration"": ""Y, Cb, Cr, -""}, ""File"": {""FileName"": ""20180531111456-IMG_0214.JPG"", ""FileSize"": ""253 kB"", ""FileType"": ""JPEG"", ""MIMEType"": ""image/jpeg"", ""Directory"": ""/opt/app/uploads/deployment-images/20180430143453-untitled/018549d3-e045-421b-baef-42557e55c470"", ""ImageWidth"": 1920, ""ImageHeight"": 1080, ""BitsPerSample"": 8, ""ExifByteOrder"": ""Little-endian (Intel, II)"", ""FileAccessDate"": ""2018:05:31 11:14:56+00:00"", ""FileModifyDate"": ""2018:05:31 11:14:56+00:00"", ""ColorComponents"": 3, ""EncodingProcess"": ""Baseline DCT, Huffman coding"", ""FilePermissions"": ""rw-r--r--"", ""YCbCrSubSampling"": ""YCbCr4:2:2 (2 1)"", ""FileTypeExtension"": ""jpg"", ""FileInodeChangeDate"": ""2018:05:31 11:14:56+00:00""}, ""ExifTool"": {""ExifToolVersion"": 10.61}, ""Composite"": {""ImageSize"": ""1920x1080"", ""Megapixels"": 2.1, ""ShutterSpeed"": ""1/30""}, ""MakerNotes"": {""Contrast"": 160, ""Sequence"": ""10 of 10"", ""MoonPhase"": ""Waxing Gibbous"", ""Sharpness"": 32, ""UserLabel"": ""NPHK 1-42"", ""Brightness"": 0, ""Saturation"": 0, ""EventNumber"": 16, ""TriggerMode"": ""Motion Detection"", ""FirmwareDate"": ""2016:12:29"", ""SerialNumber"": ""H600HK08281791"", ""BatteryVoltage"": ""9.22 V"", ""FirmwareVersion"": ""4.2.0"", ""DateTimeOriginal"": ""2018:04:26 23:43:47"", ""MakerNoteVersion"": ""0xf101"", ""MotionSensitivity"": 100, ""AmbientTemperature"": ""8 C"", ""InfraredIlluminator"": ""On"", ""AmbientTemperatureFahrenheit"": ""46 F""}, ""SourceFile"": ""/opt/app/uploads/deployment-images/20180430143453-untitled/018549d3-e045-421b-baef-42557e55c470/20180531111456-IMG_0214.JPG""}";9;26/04/2018 23:43;;{};018549d3-e045-421b-baef-42557e55c470
98bd5d5a-605b-4930-9278-8b42f2b7ce3e;dd77da24-498b-43a5-a3b3-3ea033476638;image;20180531111456-IMG_0215.JPG;IMG_0215.JPG;20180430143453-untitled/018549d3-e045-421b-baef-42557e55c470;/opt/app/uploads/deployment-images/20180430143453-untitled/018549d3-e045-421b-baef-42557e55c470;"{""EXIF"": {""ISO"": 800, ""Make"": ""RECONYX"", ""Flash"": ""Auto, Fired"", ""Model"": ""HC600 HYPERFIRE"", ""ColorSpace"": ""sRGB"", ""CreateDate"": ""2018:04:26 23:43:56"", ""ModifyDate"": ""2018:04:26 23:43:56"", ""ExifVersion"": ""0220"", ""XResolution"": 72, ""YResolution"": 72, ""ExposureMode"": ""Auto"", ""ExposureTime"": ""1/30"", ""WhiteBalance"": ""Manual"", ""ExifImageWidth"": 1920, ""ResolutionUnit"": ""inches"", ""ExifImageHeight"": 1080, ""FlashpixVersion"": ""0100"", ""DateTimeOriginal"": ""2018:04:26 23:43:56"", ""SceneCaptureType"": ""Night"", ""YCbCrPositioning"": ""Co-sited"", ""ComponentsConfiguration"": ""Y, Cb, Cr, -""}, ""File"": {""FileName"": ""20180531111456-IMG_0215.JPG"", ""FileSize"": ""254 kB"", ""FileType"": ""JPEG"", ""MIMEType"": ""image/jpeg"", ""Directory"": ""/opt/app/uploads/deployment-images/20180430143453-untitled/018549d3-e045-421b-baef-42557e55c470"", ""ImageWidth"": 1920, ""ImageHeight"": 1080, ""BitsPerSample"": 8, ""ExifByteOrder"": ""Little-endian (Intel, II)"", ""FileAccessDate"": ""2018:05:31 11:14:56+00:00"", ""FileModifyDate"": ""2018:05:31 11:14:56+00:00"", ""ColorComponents"": 3, ""EncodingProcess"": ""Baseline DCT, Huffman coding"", ""FilePermissions"": ""rw-r--r--"", ""YCbCrSubSampling"": ""YCbCr4:2:2 (2 1)"", ""FileTypeExtension"": ""jpg"", ""FileInodeChangeDate"": ""2018:05:31 11:14:56+00:00""}, ""ExifTool"": {""ExifToolVersion"": 10.61}, ""Composite"": {""ImageSize"": ""1920x1080"", ""Megapixels"": 2.1, ""ShutterSpeed"": ""1/30""}, ""MakerNotes"": {""Contrast"": 160, ""Sequence"": ""1 of 10"", ""MoonPhase"": ""Waxing Gibbous"", ""Sharpness"": 32, ""UserLabel"": ""NPHK 1-42"", ""Brightness"": 0, ""Saturation"": 0, ""EventNumber"": 17, ""TriggerMode"": ""Motion Detection"", ""FirmwareDate"": ""2016:12:29"", ""SerialNumber"": ""H600HK08281791"", ""BatteryVoltage"": ""9.3 V"", ""FirmwareVersion"": ""4.2.0"", ""DateTimeOriginal"": ""2018:04:26 23:43:56"", ""MakerNoteVersion"": ""0xf101"", ""MotionSensitivity"": 100, ""AmbientTemperature"": ""8 C"", ""InfraredIlluminator"": ""On"", ""AmbientTemperatureFahrenheit"": ""46 F""}, ""SourceFile"": ""/opt/app/uploads/deployment-images/20180430143453-untitled/018549d3-e045-421b-baef-42557e55c470/20180531111456-IMG_0215.JPG""}";10;26/04/2018 23:43;;{};018549d3-e045-421b-baef-42557e55c470
c49b3486-b829-4766-9938-dea6aee67812;dd77da24-498b-43a5-a3b3-3ea033476638;image;20180531111500-IMG_0216.JPG;IMG_0216.JPG;20180430143453-untitled/018549d3-e045-421b-baef-42557e55c470;/opt/app/uploads/deployment-images/20180430143453-untitled/018549d3-e045-421b-baef-42557e55c470;"{""EXIF"": {""ISO"": 800, ""Make"": ""RECONYX"", ""Flash"": ""Auto, Fired"", ""Model"": ""HC600 HYPERFIRE"", ""ColorSpace"": ""sRGB"", ""CreateDate"": ""2018:04:26 23:43:57"", ""ModifyDate"": ""2018:04:26 23:43:57"", ""ExifVersion"": ""0220"", ""XResolution"": 72, ""YResolution"": 72, ""ExposureMode"": ""Auto"", ""ExposureTime"": ""1/30"", ""WhiteBalance"": ""Manual"", ""ExifImageWidth"": 1920, ""ResolutionUnit"": ""inches"", ""ExifImageHeight"": 1080, ""FlashpixVersion"": ""0100"", ""DateTimeOriginal"": ""2018:04:26 23:43:57"", ""SceneCaptureType"": ""Night"", ""YCbCrPositioning"": ""Co-sited"", ""ComponentsConfiguration"": ""Y, Cb, Cr, -""}, ""File"": {""FileName"": ""20180531111500-IMG_0216.JPG"", ""FileSize"": ""253 kB"", ""FileType"": ""JPEG"", ""MIMEType"": ""image/jpeg"", ""Directory"": ""/opt/app/uploads/deployment-images/20180430143453-untitled/018549d3-e045-421b-baef-42557e55c470"", ""ImageWidth"": 1920, ""ImageHeight"": 1080, ""BitsPerSample"": 8, ""ExifByteOrder"": ""Little-endian (Intel, II)"", ""FileAccessDate"": ""2018:05:31 11:15:00+00:00"", ""FileModifyDate"": ""2018:05:31 11:15:00+00:00"", ""ColorComponents"": 3, ""EncodingProcess"": ""Baseline DCT, Huffman coding"", ""FilePermissions"": ""rw-r--r--"", ""YCbCrSubSampling"": ""YCbCr4:2:2 (2 1)"", ""FileTypeExtension"": ""jpg"", ""FileInodeChangeDate"": ""2018:05:31 11:15:00+00:00""}, ""ExifTool"": {""ExifToolVersion"": 10.61}, ""Composite"": {""ImageSize"": ""1920x1080"", ""Megapixels"": 2.1, ""ShutterSpeed"": ""1/30""}, ""MakerNotes"": {""Contrast"": 160, ""Sequence"": ""2 of 10"", ""MoonPhase"": ""Waxing Gibbous"", ""Sharpness"": 32, ""UserLabel"": ""NPHK 1-42"", ""Brightness"": 0, ""Saturation"": 0, ""EventNumber"": 17, ""TriggerMode"": ""Motion Detection"", ""FirmwareDate"": ""2016:12:29"", ""SerialNumber"": ""H600HK08281791"", ""BatteryVoltage"": ""9.17 V"", ""FirmwareVersion"": ""4.2.0"", ""DateTimeOriginal"": ""2018:04:26 23:43:57"", ""MakerNoteVersion"": ""0xf101"", ""MotionSensitivity"": 100, ""AmbientTemperature"": ""8 C"", ""InfraredIlluminator"": ""On"", ""AmbientTemperatureFahrenheit"": ""46 F""}, ""SourceFile"": ""/opt/app/uploads/deployment-images/20180430143453-untitled/018549d3-e045-421b-baef-42557e55c470/20180531111500-IMG_0216.JPG""}";11;26/04/2018 23:43;;{};018549d3-e045-421b-baef-42557e55c470
40177c8a-b7a2-471f-bdab-33cbd84c1ac0;dd77da24-498b-43a5-a3b3-3ea033476638;image;20180531111500-IMG_0217.JPG;IMG_0217.JPG;20180430143453-untitled/018549d3-e045-421b-baef-42557e55c470;/opt/app/uploads/deployment-images/20180430143453-untitled/018549d3-e045-421b-baef-42557e55c470;"{""EXIF"": {""ISO"": 800, ""Make"": ""RECONYX"", ""Flash"": ""Auto, Fired"", ""Model"": ""HC600 HYPERFIRE"", ""ColorSpace"": ""sRGB"", ""CreateDate"": ""2018:04:26 23:43:58"", ""ModifyDate"": ""2018:04:26 23:43:58"", ""ExifVersion"": ""0220"", ""XResolution"": 72, ""YResolution"": 72, ""ExposureMode"": ""Auto"", ""ExposureTime"": ""1/30"", ""WhiteBalance"": ""Manual"", ""ExifImageWidth"": 1920, ""ResolutionUnit"": ""inches"", ""ExifImageHeight"": 1080, ""FlashpixVersion"": ""0100"", ""DateTimeOriginal"": ""2018:04:26 23:43:58"", ""SceneCaptureType"": ""Night"", ""YCbCrPositioning"": ""Co-sited"", ""ComponentsConfiguration"": ""Y, Cb, Cr, -""}, ""File"": {""FileName"": ""20180531111500-IMG_0217.JPG"", ""FileSize"": ""253 kB"", ""FileType"": ""JPEG"", ""MIMEType"": ""image/jpeg"", ""Directory"": ""/opt/app/uploads/deployment-images/20180430143453-untitled/018549d3-e045-421b-baef-42557e55c470"", ""ImageWidth"": 1920, ""ImageHeight"": 1080, ""BitsPerSample"": 8, ""ExifByteOrder"": ""Little-endian (Intel, II)"", ""FileAccessDate"": ""2018:05:31 11:15:00+00:00"", ""FileModifyDate"": ""2018:05:31 11:15:00+00:00"", ""ColorComponents"": 3, ""EncodingProcess"": ""Baseline DCT, Huffman coding"", ""FilePermissions"": ""rw-r--r--"", ""YCbCrSubSampling"": ""YCbCr4:2:2 (2 1)"", ""FileTypeExtension"": ""jpg"", ""FileInodeChangeDate"": ""2018:05:31 11:15:00+00:00""}, ""ExifTool"": {""ExifToolVersion"": 10.61}, ""Composite"": {""ImageSize"": ""1920x1080"", ""Megapixels"": 2.1, ""ShutterSpeed"": ""1/30""}, ""MakerNotes"": {""Contrast"": 160, ""Sequence"": ""3 of 10"", ""MoonPhase"": ""Waxing Gibbous"", ""Sharpness"": 32, ""UserLabel"": ""NPHK 1-42"", ""Brightness"": 0, ""Saturation"": 0, ""EventNumber"": 17, ""TriggerMode"": ""Motion Detection"", ""FirmwareDate"": ""2016:12:29"", ""SerialNumber"": ""H600HK08281791"", ""BatteryVoltage"": ""9.17 V"", ""FirmwareVersion"": ""4.2.0"", ""DateTimeOriginal"": ""2018:04:26 23:43:58"", ""MakerNoteVersion"": ""0xf101"", ""MotionSensitivity"": 100, ""AmbientTemperature"": ""8 C"", ""InfraredIlluminator"": ""On"", ""AmbientTemperatureFahrenheit"": ""46 F""}, ""SourceFile"": ""/opt/app/uploads/deployment-images/20180430143453-untitled/018549d3-e045-421b-baef-42557e55c470/20180531111500-IMG_0217.JPG""}";12;26/04/2018 23:43;;{};018549d3-e045-421b-baef-42557e55c470
ffb90684-2282-4935-851c-7c2dab92db0e;dd77da24-498b-43a5-a3b3-3ea033476638;image;20180531111500-IMG_0218.JPG;IMG_0218.JPG;20180430143453-untitled/018549d3-e045-421b-baef-42557e55c470;/opt/app/uploads/deployment-images/20180430143453-untitled/018549d3-e045-421b-baef-42557e55c470;"{""EXIF"": {""ISO"": 800, ""Make"": ""RECONYX"", ""Flash"": ""Auto, Fired"", ""Model"": ""HC600 HYPERFIRE"", ""ColorSpace"": ""sRGB"", ""CreateDate"": ""2018:04:26 23:43:58"", ""ModifyDate"": ""2018:04:26 23:43:58"", ""ExifVersion"": ""0220"", ""XResolution"": 72, ""YResolution"": 72, ""ExposureMode"": ""Auto"", ""ExposureTime"": ""1/30"", ""WhiteBalance"": ""Manual"", ""ExifImageWidth"": 1920, ""ResolutionUnit"": ""inches"", ""ExifImageHeight"": 1080, ""FlashpixVersion"": ""0100"", ""DateTimeOriginal"": ""2018:04:26 23:43:58"", ""SceneCaptureType"": ""Night"", ""YCbCrPositioning"": ""Co-sited"", ""ComponentsConfiguration"": ""Y, Cb, Cr, -""}, ""File"": {""FileName"": ""20180531111500-IMG_0218.JPG"", ""FileSize"": ""253 kB"", ""FileType"": ""JPEG"", ""MIMEType"": ""image/jpeg"", ""Directory"": ""/opt/app/uploads/deployment-images/20180430143453-untitled/018549d3-e045-421b-baef-42557e55c470"", ""ImageWidth"": 1920, ""ImageHeight"": 1080, ""BitsPerSample"": 8, ""ExifByteOrder"": ""Little-endian (Intel, II)"", ""FileAccessDate"": ""2018:05:31 11:15:00+00:00"", ""FileModifyDate"": ""2018:05:31 11:15:00+00:00"", ""ColorComponents"": 3, ""EncodingProcess"": ""Baseline DCT, Huffman coding"", ""FilePermissions"": ""rw-r--r--"", ""YCbCrSubSampling"": ""YCbCr4:2:2 (2 1)"", ""FileTypeExtension"": ""jpg"", ""FileInodeChangeDate"": ""2018:05:31 11:15:00+00:00""}, ""ExifTool"": {""ExifToolVersion"": 10.61}, ""Composite"": {""ImageSize"": ""1920x1080"", ""Megapixels"": 2.1, ""ShutterSpeed"": ""1/30""}, ""MakerNotes"": {""Contrast"": 160, ""Sequence"": ""4 of 10"", ""MoonPhase"": ""Waxing Gibbous"", ""Sharpness"": 32, ""UserLabel"": ""NPHK 1-42"", ""Brightness"": 0, ""Saturation"": 0, ""EventNumber"": 17, ""TriggerMode"": ""Motion Detection"", ""FirmwareDate"": ""2016:12:29"", ""SerialNumber"": ""H600HK08281791"", ""BatteryVoltage"": ""9.15 V"", ""FirmwareVersion"": ""4.2.0"", ""DateTimeOriginal"": ""2018:04:26 23:43:58"", ""MakerNoteVersion"": ""0xf101"", ""MotionSensitivity"": 100, ""AmbientTemperature"": ""8 C"", ""InfraredIlluminator"": ""On"", ""AmbientTemperatureFahrenheit"": ""46 F""}, ""SourceFile"": ""/opt/app/uploads/deployment-images/20180430143453-untitled/018549d3-e045-421b-baef-42557e55c470/20180531111500-IMG_0218.JPG""}";13;26/04/2018 23:43;;{};018549d3-e045-421b-baef-42557e55c470
47781201-6023-4d69-9e0a-876a355e68c8;dd77da24-498b-43a5-a3b3-3ea033476638;image;20180531111500-IMG_0219.JPG;IMG_0219.JPG;20180430143453-untitled/018549d3-e045-421b-baef-42557e55c470;/opt/app/uploads/deployment-images/20180430143453-untitled/018549d3-e045-421b-baef-42557e55c470;"{""EXIF"": {""ISO"": 800, ""Make"": ""RECONYX"", ""Flash"": ""Auto, Fired"", ""Model"": ""HC600 HYPERFIRE"", ""ColorSpace"": ""sRGB"", ""CreateDate"": ""2018:04:26 23:43:59"", ""ModifyDate"": ""2018:04:26 23:43:59"", ""ExifVersion"": ""0220"", ""XResolution"": 72, ""YResolution"": 72, ""ExposureMode"": ""Auto"", ""ExposureTime"": ""1/30"", ""WhiteBalance"": ""Manual"", ""ExifImageWidth"": 1920, ""ResolutionUnit"": ""inches"", ""ExifImageHeight"": 1080, ""FlashpixVersion"": ""0100"", ""DateTimeOriginal"": ""2018:04:26 23:43:59"", ""SceneCaptureType"": ""Night"", ""YCbCrPositioning"": ""Co-sited"", ""ComponentsConfiguration"": ""Y, Cb, Cr, -""}, ""File"": {""FileName"": ""20180531111500-IMG_0219.JPG"", ""FileSize"": ""253 kB"", ""FileType"": ""JPEG"", ""MIMEType"": ""image/jpeg"", ""Directory"": ""/opt/app/uploads/deployment-images/20180430143453-untitled/018549d3-e045-421b-baef-42557e55c470"", ""ImageWidth"": 1920, ""ImageHeight"": 1080, ""BitsPerSample"": 8, ""ExifByteOrder"": ""Little-endian (Intel, II)"", ""FileAccessDate"": ""2018:05:31 11:15:00+00:00"", ""FileModifyDate"": ""2018:05:31 11:15:00+00:00"", ""ColorComponents"": 3, ""EncodingProcess"": ""Baseline DCT, Huffman coding"", ""FilePermissions"": ""rw-r--r--"", ""YCbCrSubSampling"": ""YCbCr4:2:2 (2 1)"", ""FileTypeExtension"": ""jpg"", ""FileInodeChangeDate"": ""2018:05:31 11:15:00+00:00""}, ""ExifTool"": {""ExifToolVersion"": 10.61}, ""Composite"": {""ImageSize"": ""1920x1080"", ""Megapixels"": 2.1, ""ShutterSpeed"": ""1/30""}, ""MakerNotes"": {""Contrast"": 160, ""Sequence"": ""5 of 10"", ""MoonPhase"": ""Waxing Gibbous"", ""Sharpness"": 32, ""UserLabel"": ""NPHK 1-42"", ""Brightness"": 0, ""Saturation"": 0, ""EventNumber"": 17, ""TriggerMode"": ""Motion Detection"", ""FirmwareDate"": ""2016:12:29"", ""SerialNumber"": ""H600HK08281791"", ""BatteryVoltage"": ""9.07 V"", ""FirmwareVersion"": ""4.2.0"", ""DateTimeOriginal"": ""2018:04:26 23:43:59"", ""MakerNoteVersion"": ""0xf101"", ""MotionSensitivity"": 100, ""AmbientTemperature"": ""8 C"", ""InfraredIlluminator"": ""On"", ""AmbientTemperatureFahrenheit"": ""46 F""}, ""SourceFile"": ""/opt/app/uploads/deployment-images/20180430143453-untitled/018549d3-e045-421b-baef-42557e55c470/20180531111500-IMG_0219.JPG""}";14;26/04/2018 23:43;;{};018549d3-e045-421b-baef-42557e55c470
418b83e6-9817-4ff0-b93b-fdb58d8e7f29;dd77da24-498b-43a5-a3b3-3ea033476638;image;20180531111500-IMG_0220.JPG;IMG_0220.JPG;20180430143453-untitled/018549d3-e045-421b-baef-42557e55c470;/opt/app/uploads/deployment-images/20180430143453-untitled/018549d3-e045-421b-baef-42557e55c470;"{""EXIF"": {""ISO"": 800, ""Make"": ""RECONYX"", ""Flash"": ""Auto, Fired"", ""Model"": ""HC600 HYPERFIRE"", ""ColorSpace"": ""sRGB"", ""CreateDate"": ""2018:04:26 23:43:59"", ""ModifyDate"": ""2018:04:26 23:43:59"", ""ExifVersion"": ""0220"", ""XResolution"": 72, ""YResolution"": 72, ""ExposureMode"": ""Auto"", ""ExposureTime"": ""1/30"", ""WhiteBalance"": ""Manual"", ""ExifImageWidth"": 1920, ""ResolutionUnit"": ""inches"", ""ExifImageHeight"": 1080, ""FlashpixVersion"": ""0100"", ""DateTimeOriginal"": ""2018:04:26 23:43:59"", ""SceneCaptureType"": ""Night"", ""YCbCrPositioning"": ""Co-sited"", ""ComponentsConfiguration"": ""Y, Cb, Cr, -""}, ""File"": {""FileName"": ""20180531111500-IMG_0220.JPG"", ""FileSize"": ""253 kB"", ""FileType"": ""JPEG"", ""MIMEType"": ""image/jpeg"", ""Directory"": ""/opt/app/uploads/deployment-images/20180430143453-untitled/018549d3-e045-421b-baef-42557e55c470"", ""ImageWidth"": 1920, ""ImageHeight"": 1080, ""BitsPerSample"": 8, ""ExifByteOrder"": ""Little-endian (Intel, II)"", ""FileAccessDate"": ""2018:05:31 11:15:00+00:00"", ""FileModifyDate"": ""2018:05:31 11:15:00+00:00"", ""ColorComponents"": 3, ""EncodingProcess"": ""Baseline DCT, Huffman coding"", ""FilePermissions"": ""rw-r--r--"", ""YCbCrSubSampling"": ""YCbCr4:2:2 (2 1)"", ""FileTypeExtension"": ""jpg"", ""FileInodeChangeDate"": ""2018:05:31 11:15:00+00:00""}, ""ExifTool"": {""ExifToolVersion"": 10.61}, ""Composite"": {""ImageSize"": ""1920x1080"", ""Megapixels"": 2.1, ""ShutterSpeed"": ""1/30""}, ""MakerNotes"": {""Contrast"": 160, ""Sequence"": ""6 of 10"", ""MoonPhase"": ""Waxing Gibbous"", ""Sharpness"": 32, ""UserLabel"": ""NPHK 1-42"", ""Brightness"": 0, ""Saturation"": 0, ""EventNumber"": 17, ""TriggerMode"": ""Motion Detection"", ""FirmwareDate"": ""2016:12:29"", ""SerialNumber"": ""H600HK08281791"", ""BatteryVoltage"": ""9.07 V"", ""FirmwareVersion"": ""4.2.0"", ""DateTimeOriginal"": ""2018:04:26 23:43:59"", ""MakerNoteVersion"": ""0xf101"", ""MotionSensitivity"": 100, ""AmbientTemperature"": ""8 C"", ""InfraredIlluminator"": ""On"", ""AmbientTemperatureFahrenheit"": ""46 F""}, ""SourceFile"": ""/opt/app/uploads/deployment-images/20180430143453-untitled/018549d3-e045-421b-baef-42557e55c470/20180531111500-IMG_0220.JPG""}";15;26/04/2018 23:43;;{};018549d3-e045-421b-baef-42557e55c470
0b5982a7-bcea-40fe-b1eb-b3a85b96f469;dd77da24-498b-43a5-a3b3-3ea033476638;image;20180531111503-IMG_0221.JPG;IMG_0221.JPG;20180430143453-untitled/018549d3-e045-421b-baef-42557e55c470;/opt/app/uploads/deployment-images/20180430143453-untitled/018549d3-e045-421b-baef-42557e55c470;"{""EXIF"": {""ISO"": 800, ""Make"": ""RECONYX"", ""Flash"": ""Auto, Fired"", ""Model"": ""HC600 HYPERFIRE"", ""ColorSpace"": ""sRGB"", ""CreateDate"": ""2018:04:26 23:44:00"", ""ModifyDate"": ""2018:04:26 23:44:00"", ""ExifVersion"": ""0220"", ""XResolution"": 72, ""YResolution"": 72, ""ExposureMode"": ""Auto"", ""ExposureTime"": ""1/30"", ""WhiteBalance"": ""Manual"", ""ExifImageWidth"": 1920, ""ResolutionUnit"": ""inches"", ""ExifImageHeight"": 1080, ""FlashpixVersion"": ""0100"", ""DateTimeOriginal"": ""2018:04:26 23:44:00"", ""SceneCaptureType"": ""Night"", ""YCbCrPositioning"": ""Co-sited"", ""ComponentsConfiguration"": ""Y, Cb, Cr, -""}, ""File"": {""FileName"": ""20180531111503-IMG_0221.JPG"", ""FileSize"": ""253 kB"", ""FileType"": ""JPEG"", ""MIMEType"": ""image/jpeg"", ""Directory"": ""/opt/app/uploads/deployment-images/20180430143453-untitled/018549d3-e045-421b-baef-42557e55c470"", ""ImageWidth"": 1920, ""ImageHeight"": 1080, ""BitsPerSample"": 8, ""ExifByteOrder"": ""Little-endian (Intel, II)"", ""FileAccessDate"": ""2018:05:31 11:15:03+00:00"", ""FileModifyDate"": ""2018:05:31 11:15:03+00:00"", ""ColorComponents"": 3, ""EncodingProcess"": ""Baseline DCT, Huffman coding"", ""FilePermissions"": ""rw-r--r--"", ""YCbCrSubSampling"": ""YCbCr4:2:2 (2 1)"", ""FileTypeExtension"": ""jpg"", ""FileInodeChangeDate"": ""2018:05:31 11:15:03+00:00""}, ""ExifTool"": {""ExifToolVersion"": 10.61}, ""Composite"": {""ImageSize"": ""1920x1080"", ""Megapixels"": 2.1, ""ShutterSpeed"": ""1/30""}, ""MakerNotes"": {""Contrast"": 160, ""Sequence"": ""7 of 10"", ""MoonPhase"": ""Waxing Gibbous"", ""Sharpness"": 32, ""UserLabel"": ""NPHK 1-42"", ""Brightness"": 0, ""Saturation"": 0, ""EventNumber"": 17, ""TriggerMode"": ""Motion Detection"", ""FirmwareDate"": ""2016:12:29"", ""SerialNumber"": ""H600HK08281791"", ""BatteryVoltage"": ""9.05 V"", ""FirmwareVersion"": ""4.2.0"", ""DateTimeOriginal"": ""2018:04:26 23:44:00"", ""MakerNoteVersion"": ""0xf101"", ""MotionSensitivity"": 100, ""AmbientTemperature"": ""8 C"", ""InfraredIlluminator"": ""On"", ""AmbientTemperatureFahrenheit"": ""46 F""}, ""SourceFile"": ""/opt/app/uploads/deployment-images/20180430143453-untitled/018549d3-e045-421b-baef-42557e55c470/20180531111503-IMG_0221.JPG""}";16;26/04/2018 23:44;;{9c1360bc-1cef-4d46-b395-ae4fba4f9d3a};018549d3-e045-421b-baef-42557e55c470
6ccf8bee-16d1-48cf-afa3-c8cdb54e31ea;dd77da24-498b-43a5-a3b3-3ea033476638;image;20180531111503-IMG_0222.JPG;IMG_0222.JPG;20180430143453-untitled/018549d3-e045-421b-baef-42557e55c470;/opt/app/uploads/deployment-images/20180430143453-untitled/018549d3-e045-421b-baef-42557e55c470;"{""EXIF"": {""ISO"": 800, ""Make"": ""RECONYX"", ""Flash"": ""Auto, Fired"", ""Model"": ""HC600 HYPERFIRE"", ""ColorSpace"": ""sRGB"", ""CreateDate"": ""2018:04:26 23:44:01"", ""ModifyDate"": ""2018:04:26 23:44:01"", ""ExifVersion"": ""0220"", ""XResolution"": 72, ""YResolution"": 72, ""ExposureMode"": ""Auto"", ""ExposureTime"": ""1/30"", ""WhiteBalance"": ""Manual"", ""ExifImageWidth"": 1920, ""ResolutionUnit"": ""inches"", ""ExifImageHeight"": 1080, ""FlashpixVersion"": ""0100"", ""DateTimeOriginal"": ""2018:04:26 23:44:01"", ""SceneCaptureType"": ""Night"", ""YCbCrPositioning"": ""Co-sited"", ""ComponentsConfiguration"": ""Y, Cb, Cr, -""}, ""File"": {""FileName"": ""20180531111503-IMG_0222.JPG"", ""FileSize"": ""253 kB"", ""FileType"": ""JPEG"", ""MIMEType"": ""image/jpeg"", ""Directory"": ""/opt/app/uploads/deployment-images/20180430143453-untitled/018549d3-e045-421b-baef-42557e55c470"", ""ImageWidth"": 1920, ""ImageHeight"": 1080, ""BitsPerSample"": 8, ""ExifByteOrder"": ""Little-endian (Intel, II)"", ""FileAccessDate"": ""2018:05:31 11:15:03+00:00"", ""FileModifyDate"": ""2018:05:31 11:15:03+00:00"", ""ColorComponents"": 3, ""EncodingProcess"": ""Baseline DCT, Huffman coding"", ""FilePermissions"": ""rw-r--r--"", ""YCbCrSubSampling"": ""YCbCr4:2:2 (2 1)"", ""FileTypeExtension"": ""jpg"", ""FileInodeChangeDate"": ""2018:05:31 11:15:03+00:00""}, ""ExifTool"": {""ExifToolVersion"": 10.61}, ""Composite"": {""ImageSize"": ""1920x1080"", ""Megapixels"": 2.1, ""ShutterSpeed"": ""1/30""}, ""MakerNotes"": {""Contrast"": 160, ""Sequence"": ""8 of 10"", ""MoonPhase"": ""Waxing Gibbous"", ""Sharpness"": 32, ""UserLabel"": ""NPHK 1-42"", ""Brightness"": 0, ""Saturation"": 0, ""EventNumber"": 17, ""TriggerMode"": ""Motion Detection"", ""FirmwareDate"": ""2016:12:29"", ""SerialNumber"": ""H600HK08281791"", ""BatteryVoltage"": ""8.97 V"", ""FirmwareVersion"": ""4.2.0"", ""DateTimeOriginal"": ""2018:04:26 23:44:01"", ""MakerNoteVersion"": ""0xf101"", ""MotionSensitivity"": 100, ""AmbientTemperature"": ""8 C"", ""InfraredIlluminator"": ""On"", ""AmbientTemperatureFahrenheit"": ""46 F""}, ""SourceFile"": ""/opt/app/uploads/deployment-images/20180430143453-untitled/018549d3-e045-421b-baef-42557e55c470/20180531111503-IMG_0222.JPG""}";17;26/04/2018 23:44;;{};018549d3-e045-421b-baef-42557e55c470
755517ff-5afe-4129-a1e4-d55fa3087e7f;dd77da24-498b-43a5-a3b3-3ea033476638;image;20180531111503-IMG_0223.JPG;IMG_0223.JPG;20180430143453-untitled/018549d3-e045-421b-baef-42557e55c470;/opt/app/uploads/deployment-images/20180430143453-untitled/018549d3-e045-421b-baef-42557e55c470;"{""EXIF"": {""ISO"": 800, ""Make"": ""RECONYX"", ""Flash"": ""Auto, Fired"", ""Model"": ""HC600 HYPERFIRE"", ""ColorSpace"": ""sRGB"", ""CreateDate"": ""2018:04:26 23:44:01"", ""ModifyDate"": ""2018:04:26 23:44:01"", ""ExifVersion"": ""0220"", ""XResolution"": 72, ""YResolution"": 72, ""ExposureMode"": ""Auto"", ""ExposureTime"": ""1/30"", ""WhiteBalance"": ""Manual"", ""ExifImageWidth"": 1920, ""ResolutionUnit"": ""inches"", ""ExifImageHeight"": 1080, ""FlashpixVersion"": ""0100"", ""DateTimeOriginal"": ""2018:04:26 23:44:01"", ""SceneCaptureType"": ""Night"", ""YCbCrPositioning"": ""Co-sited"", ""ComponentsConfiguration"": ""Y, Cb, Cr, -""}, ""File"": {""FileName"": ""20180531111503-IMG_0223.JPG"", ""FileSize"": ""253 kB"", ""FileType"": ""JPEG"", ""MIMEType"": ""image/jpeg"", ""Directory"": ""/opt/app/uploads/deployment-images/20180430143453-untitled/018549d3-e045-421b-baef-42557e55c470"", ""ImageWidth"": 1920, ""ImageHeight"": 1080, ""BitsPerSample"": 8, ""ExifByteOrder"": ""Little-endian (Intel, II)"", ""FileAccessDate"": ""2018:05:31 11:15:03+00:00"", ""FileModifyDate"": ""2018:05:31 11:15:03+00:00"", ""ColorComponents"": 3, ""EncodingProcess"": ""Baseline DCT, Huffman coding"", ""FilePermissions"": ""rw-r--r--"", ""YCbCrSubSampling"": ""YCbCr4:2:2 (2 1)"", ""FileTypeExtension"": ""jpg"", ""FileInodeChangeDate"": ""2018:05:31 11:15:03+00:00""}, ""ExifTool"": {""ExifToolVersion"": 10.61}, ""Composite"": {""ImageSize"": ""1920x1080"", ""Megapixels"": 2.1, ""ShutterSpeed"": ""1/30""}, ""MakerNotes"": {""Contrast"": 160, ""Sequence"": ""9 of 10"", ""MoonPhase"": ""Waxing Gibbous"", ""Sharpness"": 32, ""UserLabel"": ""NPHK 1-42"", ""Brightness"": 0, ""Saturation"": 0, ""EventNumber"": 17, ""TriggerMode"": ""Motion Detection"", ""FirmwareDate"": ""2016:12:29"", ""SerialNumber"": ""H600HK08281791"", ""BatteryVoltage"": ""8.97 V"", ""FirmwareVersion"": ""4.2.0"", ""DateTimeOriginal"": ""2018:04:26 23:44:01"", ""MakerNoteVersion"": ""0xf101"", ""MotionSensitivity"": 100, ""AmbientTemperature"": ""8 C"", ""InfraredIlluminator"": ""On"", ""AmbientTemperatureFahrenheit"": ""46 F""}, ""SourceFile"": ""/opt/app/uploads/deployment-images/20180430143453-untitled/018549d3-e045-421b-baef-42557e55c470/20180531111503-IMG_0223.JPG""}";18;26/04/2018 23:44;;{};018549d3-e045-421b-baef-42557e55c470
d6b7ff48-17bc-49e3-9529-95dd15968aa7;dd77da24-498b-43a5-a3b3-3ea033476638;image;20180531111503-IMG_0224.JPG;IMG_0224.JPG;20180430143453-untitled/018549d3-e045-421b-baef-42557e55c470;/opt/app/uploads/deployment-images/20180430143453-untitled/018549d3-e045-421b-baef-42557e55c470;"{""EXIF"": {""ISO"": 800, ""Make"": ""RECONYX"", ""Flash"": ""Auto, Fired"", ""Model"": ""HC600 HYPERFIRE"", ""ColorSpace"": ""sRGB"", ""CreateDate"": ""2018:04:26 23:44:02"", ""ModifyDate"": ""2018:04:26 23:44:02"", ""ExifVersion"": ""0220"", ""XResolution"": 72, ""YResolution"": 72, ""ExposureMode"": ""Auto"", ""ExposureTime"": ""1/30"", ""WhiteBalance"": ""Manual"", ""ExifImageWidth"": 1920, ""ResolutionUnit"": ""inches"", ""ExifImageHeight"": 1080, ""FlashpixVersion"": ""0100"", ""DateTimeOriginal"": ""2018:04:26 23:44:02"", ""SceneCaptureType"": ""Night"", ""YCbCrPositioning"": ""Co-sited"", ""ComponentsConfiguration"": ""Y, Cb, Cr, -""}, ""File"": {""FileName"": ""20180531111503-IMG_0224.JPG"", ""FileSize"": ""253 kB"", ""FileType"": ""JPEG"", ""MIMEType"": ""image/jpeg"", ""Directory"": ""/opt/app/uploads/deployment-images/20180430143453-untitled/018549d3-e045-421b-baef-42557e55c470"", ""ImageWidth"": 1920, ""ImageHeight"": 1080, ""BitsPerSample"": 8, ""ExifByteOrder"": ""Little-endian (Intel, II)"", ""FileAccessDate"": ""2018:05:31 11:15:03+00:00"", ""FileModifyDate"": ""2018:05:31 11:15:03+00:00"", ""ColorComponents"": 3, ""EncodingProcess"": ""Baseline DCT, Huffman coding"", ""FilePermissions"": ""rw-r--r--"", ""YCbCrSubSampling"": ""YCbCr4:2:2 (2 1)"", ""FileTypeExtension"": ""jpg"", ""FileInodeChangeDate"": ""2018:05:31 11:15:03+00:00""}, ""ExifTool"": {""ExifToolVersion"": 10.61}, ""Composite"": {""ImageSize"": ""1920x1080"", ""Megapixels"": 2.1, ""ShutterSpeed"": ""1/30""}, ""MakerNotes"": {""Contrast"": 160, ""Sequence"": ""10 of 10"", ""MoonPhase"": ""Waxing Gibbous"", ""Sharpness"": 32, ""UserLabel"": ""NPHK 1-42"", ""Brightness"": 0, ""Saturation"": 0, ""EventNumber"": 17, ""TriggerMode"": ""Motion Detection"", ""FirmwareDate"": ""2016:12:29"", ""SerialNumber"": ""H600HK08281791"", ""BatteryVoltage"": ""8.97 V"", ""FirmwareVersion"": ""4.2.0"", ""DateTimeOriginal"": ""2018:04:26 23:44:02"", ""MakerNoteVersion"": ""0xf101"", ""MotionSensitivity"": 100, ""AmbientTemperature"": ""8 C"", ""InfraredIlluminator"": ""On"", ""AmbientTemperatureFahrenheit"": ""46 F""}, ""SourceFile"": ""/opt/app/uploads/deployment-images/20180430143453-untitled/018549d3-e045-421b-baef-42557e55c470/20180531111503-IMG_0224.JPG""}";19;26/04/2018 23:44;;{};018549d3-e045-421b-baef-42557e55c470
298bfc9e-9b32-4b5d-b5a9-833ed130c74e;cabedf6e-722e-4c93-927f-f12dfe0f8c1e;image;20180531111506-IMG_0228.JPG;IMG_0228.JPG;20180430143453-untitled/018549d3-e045-421b-baef-42557e55c470;/opt/app/uploads/deployment-images/20180430143453-untitled/018549d3-e045-421b-baef-42557e55c470;"{""EXIF"": {""ISO"": 800, ""Make"": ""RECONYX"", ""Flash"": ""Auto, Fired"", ""Model"": ""HC600 HYPERFIRE"", ""ColorSpace"": ""sRGB"", ""CreateDate"": ""2018:04:28 04:28:53"", ""ModifyDate"": ""2018:04:28 04:28:53"", ""ExifVersion"": ""0220"", ""XResolution"": 72, ""YResolution"": 72, ""ExposureMode"": ""Auto"", ""ExposureTime"": ""1/30"", ""WhiteBalance"": ""Manual"", ""ExifImageWidth"": 1920, ""ResolutionUnit"": ""inches"", ""ExifImageHeight"": 1080, ""FlashpixVersion"": ""0100"", ""DateTimeOriginal"": ""2018:04:28 04:28:53"", ""SceneCaptureType"": ""Night"", ""YCbCrPositioning"": ""Co-sited"", ""ComponentsConfiguration"": ""Y, Cb, Cr, -""}, ""File"": {""FileName"": ""20180531111506-IMG_0228.JPG"", ""FileSize"": ""256 kB"", ""FileType"": ""JPEG"", ""MIMEType"": ""image/jpeg"", ""Directory"": ""/opt/app/uploads/deployment-images/20180430143453-untitled/018549d3-e045-421b-baef-42557e55c470"", ""ImageWidth"": 1920, ""ImageHeight"": 1080, ""BitsPerSample"": 8, ""ExifByteOrder"": ""Little-endian (Intel, II)"", ""FileAccessDate"": ""2018:05:31 11:15:06+00:00"", ""FileModifyDate"": ""2018:05:31 11:15:06+00:00"", ""ColorComponents"": 3, ""EncodingProcess"": ""Baseline DCT, Huffman coding"", ""FilePermissions"": ""rw-r--r--"", ""YCbCrSubSampling"": ""YCbCr4:2:2 (2 1)"", ""FileTypeExtension"": ""jpg"", ""FileInodeChangeDate"": ""2018:05:31 11:15:06+00:00""}, ""ExifTool"": {""ExifToolVersion"": 10.61}, ""Composite"": {""ImageSize"": ""1920x1080"", ""Megapixels"": 2.1, ""ShutterSpeed"": ""1/30""}, ""MakerNotes"": {""Contrast"": 160, ""Sequence"": ""1 of 10"", ""MoonPhase"": ""Full"", ""Sharpness"": 32, ""UserLabel"": ""NPHK 1-42"", ""Brightness"": 0, ""Saturation"": 0, ""EventNumber"": 18, ""TriggerMode"": ""Motion Detection"", ""FirmwareDate"": ""2016:12:29"", ""SerialNumber"": ""H600HK08281791"", ""BatteryVoltage"": ""9.47 V"", ""FirmwareVersion"": ""4.2.0"", ""DateTimeOriginal"": ""2018:04:28 04:28:53"", ""MakerNoteVersion"": ""0xf101"", ""MotionSensitivity"": 100, ""AmbientTemperature"": ""11 C"", ""InfraredIlluminator"": ""On"", ""AmbientTemperatureFahrenheit"": ""53 F""}, ""SourceFile"": ""/opt/app/uploads/deployment-images/20180430143453-untitled/018549d3-e045-421b-baef-42557e55c470/20180531111506-IMG_0228.JPG""}";0;28/04/2018 4:28;;{};018549d3-e045-421b-baef-42557e55c470
2bd50589-2d03-4598-ab9e-c6fcf63185a7;cabedf6e-722e-4c93-927f-f12dfe0f8c1e;image;20180531111506-IMG_0229.JPG;IMG_0229.JPG;20180430143453-untitled/018549d3-e045-421b-baef-42557e55c470;/opt/app/uploads/deployment-images/20180430143453-untitled/018549d3-e045-421b-baef-42557e55c470;"{""EXIF"": {""ISO"": 800, ""Make"": ""RECONYX"", ""Flash"": ""Auto, Fired"", ""Model"": ""HC600 HYPERFIRE"", ""ColorSpace"": ""sRGB"", ""CreateDate"": ""2018:04:28 04:28:54"", ""ModifyDate"": ""2018:04:28 04:28:54"", ""ExifVersion"": ""0220"", ""XResolution"": 72, ""YResolution"": 72, ""ExposureMode"": ""Auto"", ""ExposureTime"": ""1/30"", ""WhiteBalance"": ""Manual"", ""ExifImageWidth"": 1920, ""ResolutionUnit"": ""inches"", ""ExifImageHeight"": 1080, ""FlashpixVersion"": ""0100"", ""DateTimeOriginal"": ""2018:04:28 04:28:54"", ""SceneCaptureType"": ""Night"", ""YCbCrPositioning"": ""Co-sited"", ""ComponentsConfiguration"": ""Y, Cb, Cr, -""}, ""File"": {""FileName"": ""20180531111506-IMG_0229.JPG"", ""FileSize"": ""255 kB"", ""FileType"": ""JPEG"", ""MIMEType"": ""image/jpeg"", ""Directory"": ""/opt/app/uploads/deployment-images/20180430143453-untitled/018549d3-e045-421b-baef-42557e55c470"", ""ImageWidth"": 1920, ""ImageHeight"": 1080, ""BitsPerSample"": 8, ""ExifByteOrder"": ""Little-endian (Intel, II)"", ""FileAccessDate"": ""2018:05:31 11:15:06+00:00"", ""FileModifyDate"": ""2018:05:31 11:15:06+00:00"", ""ColorComponents"": 3, ""EncodingProcess"": ""Baseline DCT, Huffman coding"", ""FilePermissions"": ""rw-r--r--"", ""YCbCrSubSampling"": ""YCbCr4:2:2 (2 1)"", ""FileTypeExtension"": ""jpg"", ""FileInodeChangeDate"": ""2018:05:31 11:15:06+00:00""}, ""ExifTool"": {""ExifToolVersion"": 10.61}, ""Composite"": {""ImageSize"": ""1920x1080"", ""Megapixels"": 2.1, ""ShutterSpeed"": ""1/30""}, ""MakerNotes"": {""Contrast"": 160, ""Sequence"": ""2 of 10"", ""MoonPhase"": ""Full"", ""Sharpness"": 32, ""UserLabel"": ""NPHK 1-42"", ""Brightness"": 0, ""Saturation"": 0, ""EventNumber"": 18, ""TriggerMode"": ""Motion Detection"", ""FirmwareDate"": ""2016:12:29"", ""SerialNumber"": ""H600HK08281791"", ""BatteryVoltage"": ""9.65 V"", ""FirmwareVersion"": ""4.2.0"", ""DateTimeOriginal"": ""2018:04:28 04:28:54"", ""MakerNoteVersion"": ""0xf101"", ""MotionSensitivity"": 100, ""AmbientTemperature"": ""11 C"", ""InfraredIlluminator"": ""On"", ""AmbientTemperatureFahrenheit"": ""53 F""}, ""SourceFile"": ""/opt/app/uploads/deployment-images/20180430143453-untitled/018549d3-e045-421b-baef-42557e55c470/20180531111506-IMG_0229.JPG""}";1;28/04/2018 4:28;;{};018549d3-e045-421b-baef-42557e55c470
4e0111c3-8fa8-4078-964f-9c9125d74fc5;cabedf6e-722e-4c93-927f-f12dfe0f8c1e;image;20180531111506-IMG_0230.JPG;IMG_0230.JPG;20180430143453-untitled/018549d3-e045-421b-baef-42557e55c470;/opt/app/uploads/deployment-images/20180430143453-untitled/018549d3-e045-421b-baef-42557e55c470;"{""EXIF"": {""ISO"": 800, ""Make"": ""RECONYX"", ""Flash"": ""Auto, Fired"", ""Model"": ""HC600 HYPERFIRE"", ""ColorSpace"": ""sRGB"", ""CreateDate"": ""2018:04:28 04:28:54"", ""ModifyDate"": ""2018:04:28 04:28:54"", ""ExifVersion"": ""0220"", ""XResolution"": 72, ""YResolution"": 72, ""ExposureMode"": ""Auto"", ""ExposureTime"": ""1/30"", ""WhiteBalance"": ""Manual"", ""ExifImageWidth"": 1920, ""ResolutionUnit"": ""inches"", ""ExifImageHeight"": 1080, ""FlashpixVersion"": ""0100"", ""DateTimeOriginal"": ""2018:04:28 04:28:54"", ""SceneCaptureType"": ""Night"", ""YCbCrPositioning"": ""Co-sited"", ""ComponentsConfiguration"": ""Y, Cb, Cr, -""}, ""File"": {""FileName"": ""20180531111506-IMG_0230.JPG"", ""FileSize"": ""256 kB"", ""FileType"": ""JPEG"", ""MIMEType"": ""image/jpeg"", ""Directory"": ""/opt/app/uploads/deployment-images/20180430143453-untitled/018549d3-e045-421b-baef-42557e55c470"", ""ImageWidth"": 1920, ""ImageHeight"": 1080, ""BitsPerSample"": 8, ""ExifByteOrder"": ""Little-endian (Intel, II)"", ""FileAccessDate"": ""2018:05:31 11:15:06+00:00"", ""FileModifyDate"": ""2018:05:31 11:15:06+00:00"", ""ColorComponents"": 3, ""EncodingProcess"": ""Baseline DCT, Huffman coding"", ""FilePermissions"": ""rw-r--r--"", ""YCbCrSubSampling"": ""YCbCr4:2:2 (2 1)"", ""FileTypeExtension"": ""jpg"", ""FileInodeChangeDate"": ""2018:05:31 11:15:06+00:00""}, ""ExifTool"": {""ExifToolVersion"": 10.61}, ""Composite"": {""ImageSize"": ""1920x1080"", ""Megapixels"": 2.1, ""ShutterSpeed"": ""1/30""}, ""MakerNotes"": {""Contrast"": 160, ""Sequence"": ""3 of 10"", ""MoonPhase"": ""Full"", ""Sharpness"": 32, ""UserLabel"": ""NPHK 1-42"", ""Brightness"": 0, ""Saturation"": 0, ""EventNumber"": 18, ""TriggerMode"": ""Motion Detection"", ""FirmwareDate"": ""2016:12:29"", ""SerialNumber"": ""H600HK08281791"", ""BatteryVoltage"": ""9.57 V"", ""FirmwareVersion"": ""4.2.0"", ""DateTimeOriginal"": ""2018:04:28 04:28:54"", ""MakerNoteVersion"": ""0xf101"", ""MotionSensitivity"": 100, ""AmbientTemperature"": ""11 C"", ""InfraredIlluminator"": ""On"", ""AmbientTemperatureFahrenheit"": ""53 F""}, ""SourceFile"": ""/opt/app/uploads/deployment-images/20180430143453-untitled/018549d3-e045-421b-baef-42557e55c470/20180531111506-IMG_0230.JPG""}";2;28/04/2018 4:28;;{};018549d3-e045-421b-baef-42557e55c470
f057166f-bd12-4d5f-b84e-24691e692156;cabedf6e-722e-4c93-927f-f12dfe0f8c1e;image;20180531111509-IMG_0231.JPG;IMG_0231.JPG;20180430143453-untitled/018549d3-e045-421b-baef-42557e55c470;/opt/app/uploads/deployment-images/20180430143453-untitled/018549d3-e045-421b-baef-42557e55c470;"{""EXIF"": {""ISO"": 800, ""Make"": ""RECONYX"", ""Flash"": ""Auto, Fired"", ""Model"": ""HC600 HYPERFIRE"", ""ColorSpace"": ""sRGB"", ""CreateDate"": ""2018:04:28 04:28:55"", ""ModifyDate"": ""2018:04:28 04:28:55"", ""ExifVersion"": ""0220"", ""XResolution"": 72, ""YResolution"": 72, ""ExposureMode"": ""Auto"", ""ExposureTime"": ""1/30"", ""WhiteBalance"": ""Manual"", ""ExifImageWidth"": 1920, ""ResolutionUnit"": ""inches"", ""ExifImageHeight"": 1080, ""FlashpixVersion"": ""0100"", ""DateTimeOriginal"": ""2018:04:28 04:28:55"", ""SceneCaptureType"": ""Night"", ""YCbCrPositioning"": ""Co-sited"", ""ComponentsConfiguration"": ""Y, Cb, Cr, -""}, ""File"": {""FileName"": ""20180531111509-IMG_0231.JPG"", ""FileSize"": ""256 kB"", ""FileType"": ""JPEG"", ""MIMEType"": ""image/jpeg"", ""Directory"": ""/opt/app/uploads/deployment-images/20180430143453-untitled/018549d3-e045-421b-baef-42557e55c470"", ""ImageWidth"": 1920, ""ImageHeight"": 1080, ""BitsPerSample"": 8, ""ExifByteOrder"": ""Little-endian (Intel, II)"", ""FileAccessDate"": ""2018:05:31 11:15:09+00:00"", ""FileModifyDate"": ""2018:05:31 11:15:09+00:00"", ""ColorComponents"": 3, ""EncodingProcess"": ""Baseline DCT, Huffman coding"", ""FilePermissions"": ""rw-r--r--"", ""YCbCrSubSampling"": ""YCbCr4:2:2 (2 1)"", ""FileTypeExtension"": ""jpg"", ""FileInodeChangeDate"": ""2018:05:31 11:15:09+00:00""}, ""ExifTool"": {""ExifToolVersion"": 10.61}, ""Composite"": {""ImageSize"": ""1920x1080"", ""Megapixels"": 2.1, ""ShutterSpeed"": ""1/30""}, ""MakerNotes"": {""Contrast"": 160, ""Sequence"": ""4 of 10"", ""MoonPhase"": ""Full"", ""Sharpness"": 32, ""UserLabel"": ""NPHK 1-42"", ""Brightness"": 0, ""Saturation"": 0, ""EventNumber"": 18, ""TriggerMode"": ""Motion Detection"", ""FirmwareDate"": ""2016:12:29"", ""SerialNumber"": ""H600HK08281791"", ""BatteryVoltage"": ""9.57 V"", ""FirmwareVersion"": ""4.2.0"", ""DateTimeOriginal"": ""2018:04:28 04:28:55"", ""MakerNoteVersion"": ""0xf101"", ""MotionSensitivity"": 100, ""AmbientTemperature"": ""11 C"", ""InfraredIlluminator"": ""On"", ""AmbientTemperatureFahrenheit"": ""53 F""}, ""SourceFile"": ""/opt/app/uploads/deployment-images/20180430143453-untitled/018549d3-e045-421b-baef-42557e55c470/20180531111509-IMG_0231.JPG""}";3;28/04/2018 4:28;;{eb3cf5dd-1d4f-4483-9305-21e528f01f03};018549d3-e045-421b-baef-42557e55c470
a7c33768-3f38-4fb0-bd8e-1e1e117a3aab;cabedf6e-722e-4c93-927f-f12dfe0f8c1e;image;20180531111509-IMG_0232.JPG;IMG_0232.JPG;20180430143453-untitled/018549d3-e045-421b-baef-42557e55c470;/opt/app/uploads/deployment-images/20180430143453-untitled/018549d3-e045-421b-baef-42557e55c470;"{""EXIF"": {""ISO"": 800, ""Make"": ""RECONYX"", ""Flash"": ""Auto, Fired"", ""Model"": ""HC600 HYPERFIRE"", ""ColorSpace"": ""sRGB"", ""CreateDate"": ""2018:04:28 04:28:55"", ""ModifyDate"": ""2018:04:28 04:28:55"", ""ExifVersion"": ""0220"", ""XResolution"": 72, ""YResolution"": 72, ""ExposureMode"": ""Auto"", ""ExposureTime"": ""1/30"", ""WhiteBalance"": ""Manual"", ""ExifImageWidth"": 1920, ""ResolutionUnit"": ""inches"", ""ExifImageHeight"": 1080, ""FlashpixVersion"": ""0100"", ""DateTimeOriginal"": ""2018:04:28 04:28:55"", ""SceneCaptureType"": ""Night"", ""YCbCrPositioning"": ""Co-sited"", ""ComponentsConfiguration"": ""Y, Cb, Cr, -""}, ""File"": {""FileName"": ""20180531111509-IMG_0232.JPG"", ""FileSize"": ""256 kB"", ""FileType"": ""JPEG"", ""MIMEType"": ""image/jpeg"", ""Directory"": ""/opt/app/uploads/deployment-images/20180430143453-untitled/018549d3-e045-421b-baef-42557e55c470"", ""ImageWidth"": 1920, ""ImageHeight"": 1080, ""BitsPerSample"": 8, ""ExifByteOrder"": ""Little-endian (Intel, II)"", ""FileAccessDate"": ""2018:05:31 11:15:09+00:00"", ""FileModifyDate"": ""2018:05:31 11:15:09+00:00"", ""ColorComponents"": 3, ""EncodingProcess"": ""Baseline DCT, Huffman coding"", ""FilePermissions"": ""rw-r--r--"", ""YCbCrSubSampling"": ""YCbCr4:2:2 (2 1)"", ""FileTypeExtension"": ""jpg"", ""FileInodeChangeDate"": ""2018:05:31 11:15:09+00:00""}, ""ExifTool"": {""ExifToolVersion"": 10.61}, ""Composite"": {""ImageSize"": ""1920x1080"", ""Megapixels"": 2.1, ""ShutterSpeed"": ""1/30""}, ""MakerNotes"": {""Contrast"": 160, ""Sequence"": ""5 of 10"", ""MoonPhase"": ""Full"", ""Sharpness"": 32, ""UserLabel"": ""NPHK 1-42"", ""Brightness"": 0, ""Saturation"": 0, ""EventNumber"": 18, ""TriggerMode"": ""Motion Detection"", ""FirmwareDate"": ""2016:12:29"", ""SerialNumber"": ""H600HK08281791"", ""BatteryVoltage"": ""9.47 V"", ""FirmwareVersion"": ""4.2.0"", ""DateTimeOriginal"": ""2018:04:28 04:28:55"", ""MakerNoteVersion"": ""0xf101"", ""MotionSensitivity"": 100, ""AmbientTemperature"": ""11 C"", ""InfraredIlluminator"": ""On"", ""AmbientTemperatureFahrenheit"": ""53 F""}, ""SourceFile"": ""/opt/app/uploads/deployment-images/20180430143453-untitled/018549d3-e045-421b-baef-42557e55c470/20180531111509-IMG_0232.JPG""}";4;28/04/2018 4:28;;{};018549d3-e045-421b-baef-42557e55c470
c485021d-953a-4ce0-b7c4-f5b41df7ca87;cabedf6e-722e-4c93-927f-f12dfe0f8c1e;image;20180531111509-IMG_0233.JPG;IMG_0233.JPG;20180430143453-untitled/018549d3-e045-421b-baef-42557e55c470;/opt/app/uploads/deployment-images/20180430143453-untitled/018549d3-e045-421b-baef-42557e55c470;"{""EXIF"": {""ISO"": 800, ""Make"": ""RECONYX"", ""Flash"": ""Auto, Fired"", ""Model"": ""HC600 HYPERFIRE"", ""ColorSpace"": ""sRGB"", ""CreateDate"": ""2018:04:28 04:28:56"", ""ModifyDate"": ""2018:04:28 04:28:56"", ""ExifVersion"": ""0220"", ""XResolution"": 72, ""YResolution"": 72, ""ExposureMode"": ""Auto"", ""ExposureTime"": ""1/30"", ""WhiteBalance"": ""Manual"", ""ExifImageWidth"": 1920, ""ResolutionUnit"": ""inches"", ""ExifImageHeight"": 1080, ""FlashpixVersion"": ""0100"", ""DateTimeOriginal"": ""2018:04:28 04:28:56"", ""SceneCaptureType"": ""Night"", ""YCbCrPositioning"": ""Co-sited"", ""ComponentsConfiguration"": ""Y, Cb, Cr, -""}, ""File"": {""FileName"": ""20180531111509-IMG_0233.JPG"", ""FileSize"": ""256 kB"", ""FileType"": ""JPEG"", ""MIMEType"": ""image/jpeg"", ""Directory"": ""/opt/app/uploads/deployment-images/20180430143453-untitled/018549d3-e045-421b-baef-42557e55c470"", ""ImageWidth"": 1920, ""ImageHeight"": 1080, ""BitsPerSample"": 8, ""ExifByteOrder"": ""Little-endian (Intel, II)"", ""FileAccessDate"": ""2018:05:31 11:15:09+00:00"", ""FileModifyDate"": ""2018:05:31 11:15:09+00:00"", ""ColorComponents"": 3, ""EncodingProcess"": ""Baseline DCT, Huffman coding"", ""FilePermissions"": ""rw-r--r--"", ""YCbCrSubSampling"": ""YCbCr4:2:2 (2 1)"", ""FileTypeExtension"": ""jpg"", ""FileInodeChangeDate"": ""2018:05:31 11:15:09+00:00""}, ""ExifTool"": {""ExifToolVersion"": 10.61}, ""Composite"": {""ImageSize"": ""1920x1080"", ""Megapixels"": 2.1, ""ShutterSpeed"": ""1/30""}, ""MakerNotes"": {""Contrast"": 160, ""Sequence"": ""6 of 10"", ""MoonPhase"": ""Full"", ""Sharpness"": 32, ""UserLabel"": ""NPHK 1-42"", ""Brightness"": 0, ""Saturation"": 0, ""EventNumber"": 18, ""TriggerMode"": ""Motion Detection"", ""FirmwareDate"": ""2016:12:29"", ""SerialNumber"": ""H600HK08281791"", ""BatteryVoltage"": ""9.45 V"", ""FirmwareVersion"": ""4.2.0"", ""DateTimeOriginal"": ""2018:04:28 04:28:56"", ""MakerNoteVersion"": ""0xf101"", ""MotionSensitivity"": 100, ""AmbientTemperature"": ""11 C"", ""InfraredIlluminator"": ""On"", ""AmbientTemperatureFahrenheit"": ""53 F""}, ""SourceFile"": ""/opt/app/uploads/deployment-images/20180430143453-untitled/018549d3-e045-421b-baef-42557e55c470/20180531111509-IMG_0233.JPG""}";5;28/04/2018 4:28;;{};018549d3-e045-421b-baef-42557e55c470
a66993b4-dc89-403a-9862-902fa19614f6;cabedf6e-722e-4c93-927f-f12dfe0f8c1e;image;20180531111509-IMG_0234.JPG;IMG_0234.JPG;20180430143453-untitled/018549d3-e045-421b-baef-42557e55c470;/opt/app/uploads/deployment-images/20180430143453-untitled/018549d3-e045-421b-baef-42557e55c470;"{""EXIF"": {""ISO"": 800, ""Make"": ""RECONYX"", ""Flash"": ""Auto, Fired"", ""Model"": ""HC600 HYPERFIRE"", ""ColorSpace"": ""sRGB"", ""CreateDate"": ""2018:04:28 04:28:57"", ""ModifyDate"": ""2018:04:28 04:28:57"", ""ExifVersion"": ""0220"", ""XResolution"": 72, ""YResolution"": 72, ""ExposureMode"": ""Auto"", ""ExposureTime"": ""1/30"", ""WhiteBalance"": ""Manual"", ""ExifImageWidth"": 1920, ""ResolutionUnit"": ""inches"", ""ExifImageHeight"": 1080, ""FlashpixVersion"": ""0100"", ""DateTimeOriginal"": ""2018:04:28 04:28:57"", ""SceneCaptureType"": ""Night"", ""YCbCrPositioning"": ""Co-sited"", ""ComponentsConfiguration"": ""Y, Cb, Cr, -""}, ""File"": {""FileName"": ""20180531111509-IMG_0234.JPG"", ""FileSize"": ""256 kB"", ""FileType"": ""JPEG"", ""MIMEType"": ""image/jpeg"", ""Directory"": ""/opt/app/uploads/deployment-images/20180430143453-untitled/018549d3-e045-421b-baef-42557e55c470"", ""ImageWidth"": 1920, ""ImageHeight"": 1080, ""BitsPerSample"": 8, ""ExifByteOrder"": ""Little-endian (Intel, II)"", ""FileAccessDate"": ""2018:05:31 11:15:09+00:00"", ""FileModifyDate"": ""2018:05:31 11:15:09+00:00"", ""ColorComponents"": 3, ""EncodingProcess"": ""Baseline DCT, Huffman coding"", ""FilePermissions"": ""rw-r--r--"", ""YCbCrSubSampling"": ""YCbCr4:2:2 (2 1)"", ""FileTypeExtension"": ""jpg"", ""FileInodeChangeDate"": ""2018:05:31 11:15:09+00:00""}, ""ExifTool"": {""ExifToolVersion"": 10.61}, ""Composite"": {""ImageSize"": ""1920x1080"", ""Megapixels"": 2.1, ""ShutterSpeed"": ""1/30""}, ""MakerNotes"": {""Contrast"": 160, ""Sequence"": ""7 of 10"", ""MoonPhase"": ""Full"", ""Sharpness"": 32, ""UserLabel"": ""NPHK 1-42"", ""Brightness"": 0, ""Saturation"": 0, ""EventNumber"": 18, ""TriggerMode"": ""Motion Detection"", ""FirmwareDate"": ""2016:12:29"", ""SerialNumber"": ""H600HK08281791"", ""BatteryVoltage"": ""9.42 V"", ""FirmwareVersion"": ""4.2.0"", ""DateTimeOriginal"": ""2018:04:28 04:28:57"", ""MakerNoteVersion"": ""0xf101"", ""MotionSensitivity"": 100, ""AmbientTemperature"": ""11 C"", ""InfraredIlluminator"": ""On"", ""AmbientTemperatureFahrenheit"": ""53 F""}, ""SourceFile"": ""/opt/app/uploads/deployment-images/20180430143453-untitled/018549d3-e045-421b-baef-42557e55c470/20180531111509-IMG_0234.JPG""}";6;28/04/2018 4:28;;{};018549d3-e045-421b-baef-42557e55c470
7fe4f31d-c93d-4368-a2ba-3cbe517245fa;cabedf6e-722e-4c93-927f-f12dfe0f8c1e;image;20180531111509-IMG_0235.JPG;IMG_0235.JPG;20180430143453-untitled/018549d3-e045-421b-baef-42557e55c470;/opt/app/uploads/deployment-images/20180430143453-untitled/018549d3-e045-421b-baef-42557e55c470;"{""EXIF"": {""ISO"": 800, ""Make"": ""RECONYX"", ""Flash"": ""Auto, Fired"", ""Model"": ""HC600 HYPERFIRE"", ""ColorSpace"": ""sRGB"", ""CreateDate"": ""2018:04:28 04:28:57"", ""ModifyDate"": ""2018:04:28 04:28:57"", ""ExifVersion"": ""0220"", ""XResolution"": 72, ""YResolution"": 72, ""ExposureMode"": ""Auto"", ""ExposureTime"": ""1/30"", ""WhiteBalance"": ""Manual"", ""ExifImageWidth"": 1920, ""ResolutionUnit"": ""inches"", ""ExifImageHeight"": 1080, ""FlashpixVersion"": ""0100"", ""DateTimeOriginal"": ""2018:04:28 04:28:57"", ""SceneCaptureType"": ""Night"", ""YCbCrPositioning"": ""Co-sited"", ""ComponentsConfiguration"": ""Y, Cb, Cr, -""}, ""File"": {""FileName"": ""20180531111509-IMG_0235.JPG"", ""FileSize"": ""257 kB"", ""FileType"": ""JPEG"", ""MIMEType"": ""image/jpeg"", ""Directory"": ""/opt/app/uploads/deployment-images/20180430143453-untitled/018549d3-e045-421b-baef-42557e55c470"", ""ImageWidth"": 1920, ""ImageHeight"": 1080, ""BitsPerSample"": 8, ""ExifByteOrder"": ""Little-endian (Intel, II)"", ""FileAccessDate"": ""2018:05:31 11:15:09+00:00"", ""FileModifyDate"": ""2018:05:31 11:15:09+00:00"", ""ColorComponents"": 3, ""EncodingProcess"": ""Baseline DCT, Huffman coding"", ""FilePermissions"": ""rw-r--r--"", ""YCbCrSubSampling"": ""YCbCr4:2:2 (2 1)"", ""FileTypeExtension"": ""jpg"", ""FileInodeChangeDate"": ""2018:05:31 11:15:09+00:00""}, ""ExifTool"": {""ExifToolVersion"": 10.61}, ""Composite"": {""ImageSize"": ""1920x1080"", ""Megapixels"": 2.1, ""ShutterSpeed"": ""1/30""}, ""MakerNotes"": {""Contrast"": 160, ""Sequence"": ""8 of 10"", ""MoonPhase"": ""Full"", ""Sharpness"": 32, ""UserLabel"": ""NPHK 1-42"", ""Brightness"": 0, ""Saturation"": 0, ""EventNumber"": 18, ""TriggerMode"": ""Motion Detection"", ""FirmwareDate"": ""2016:12:29"", ""SerialNumber"": ""H600HK08281791"", ""BatteryVoltage"": ""9.32 V"", ""FirmwareVersion"": ""4.2.0"", ""DateTimeOriginal"": ""2018:04:28 04:28:57"", ""MakerNoteVersion"": ""0xf101"", ""MotionSensitivity"": 100, ""AmbientTemperature"": ""11 C"", ""InfraredIlluminator"": ""On"", ""AmbientTemperatureFahrenheit"": ""53 F""}, ""SourceFile"": ""/opt/app/uploads/deployment-images/20180430143453-untitled/018549d3-e045-421b-baef-42557e55c470/20180531111509-IMG_0235.JPG""}";7;28/04/2018 4:28;;{};018549d3-e045-421b-baef-42557e55c470
ff211a5a-116d-4f7c-8256-a8e954bca33e;cabedf6e-722e-4c93-927f-f12dfe0f8c1e;image;20180531111512-IMG_0236.JPG;IMG_0236.JPG;20180430143453-untitled/018549d3-e045-421b-baef-42557e55c470;/opt/app/uploads/deployment-images/20180430143453-untitled/018549d3-e045-421b-baef-42557e55c470;"{""EXIF"": {""ISO"": 800, ""Make"": ""RECONYX"", ""Flash"": ""Auto, Fired"", ""Model"": ""HC600 HYPERFIRE"", ""ColorSpace"": ""sRGB"", ""CreateDate"": ""2018:04:28 04:28:58"", ""ModifyDate"": ""2018:04:28 04:28:58"", ""ExifVersion"": ""0220"", ""XResolution"": 72, ""YResolution"": 72, ""ExposureMode"": ""Auto"", ""ExposureTime"": ""1/30"", ""WhiteBalance"": ""Manual"", ""ExifImageWidth"": 1920, ""ResolutionUnit"": ""inches"", ""ExifImageHeight"": 1080, ""FlashpixVersion"": ""0100"", ""DateTimeOriginal"": ""2018:04:28 04:28:58"", ""SceneCaptureType"": ""Night"", ""YCbCrPositioning"": ""Co-sited"", ""ComponentsConfiguration"": ""Y, Cb, Cr, -""}, ""File"": {""FileName"": ""20180531111512-IMG_0236.JPG"", ""FileSize"": ""256 kB"", ""FileType"": ""JPEG"", ""MIMEType"": ""image/jpeg"", ""Directory"": ""/opt/app/uploads/deployment-images/20180430143453-untitled/018549d3-e045-421b-baef-42557e55c470"", ""ImageWidth"": 1920, ""ImageHeight"": 1080, ""BitsPerSample"": 8, ""ExifByteOrder"": ""Little-endian (Intel, II)"", ""FileAccessDate"": ""2018:05:31 11:15:12+00:00"", ""FileModifyDate"": ""2018:05:31 11:15:12+00:00"", ""ColorComponents"": 3, ""EncodingProcess"": ""Baseline DCT, Huffman coding"", ""FilePermissions"": ""rw-r--r--"", ""YCbCrSubSampling"": ""YCbCr4:2:2 (2 1)"", ""FileTypeExtension"": ""jpg"", ""FileInodeChangeDate"": ""2018:05:31 11:15:12+00:00""}, ""ExifTool"": {""ExifToolVersion"": 10.61}, ""Composite"": {""ImageSize"": ""1920x1080"", ""Megapixels"": 2.1, ""ShutterSpeed"": ""1/30""}, ""MakerNotes"": {""Contrast"": 160, ""Sequence"": ""9 of 10"", ""MoonPhase"": ""Full"", ""Sharpness"": 32, ""UserLabel"": ""NPHK 1-42"", ""Brightness"": 0, ""Saturation"": 0, ""EventNumber"": 18, ""TriggerMode"": ""Motion Detection"", ""FirmwareDate"": ""2016:12:29"", ""SerialNumber"": ""H600HK08281791"", ""BatteryVoltage"": ""9.32 V"", ""FirmwareVersion"": ""4.2.0"", ""DateTimeOriginal"": ""2018:04:28 04:28:58"", ""MakerNoteVersion"": ""0xf101"", ""MotionSensitivity"": 100, ""AmbientTemperature"": ""11 C"", ""InfraredIlluminator"": ""On"", ""AmbientTemperatureFahrenheit"": ""53 F""}, ""SourceFile"": ""/opt/app/uploads/deployment-images/20180430143453-untitled/018549d3-e045-421b-baef-42557e55c470/20180531111512-IMG_0236.JPG""}";8;28/04/2018 4:28;;{};018549d3-e045-421b-baef-42557e55c470
9cd3d534-4b81-40ca-bd42-1978a8182a11;cabedf6e-722e-4c93-927f-f12dfe0f8c1e;image;20180531111512-IMG_0237.JPG;IMG_0237.JPG;20180430143453-untitled/018549d3-e045-421b-baef-42557e55c470;/opt/app/uploads/deployment-images/20180430143453-untitled/018549d3-e045-421b-baef-42557e55c470;"{""EXIF"": {""ISO"": 800, ""Make"": ""RECONYX"", ""Flash"": ""Auto, Fired"", ""Model"": ""HC600 HYPERFIRE"", ""ColorSpace"": ""sRGB"", ""CreateDate"": ""2018:04:28 04:28:59"", ""ModifyDate"": ""2018:04:28 04:28:59"", ""ExifVersion"": ""0220"", ""XResolution"": 72, ""YResolution"": 72, ""ExposureMode"": ""Auto"", ""ExposureTime"": ""1/30"", ""WhiteBalance"": ""Manual"", ""ExifImageWidth"": 1920, ""ResolutionUnit"": ""inches"", ""ExifImageHeight"": 1080, ""FlashpixVersion"": ""0100"", ""DateTimeOriginal"": ""2018:04:28 04:28:59"", ""SceneCaptureType"": ""Night"", ""YCbCrPositioning"": ""Co-sited"", ""ComponentsConfiguration"": ""Y, Cb, Cr, -""}, ""File"": {""FileName"": ""20180531111512-IMG_0237.JPG"", ""FileSize"": ""256 kB"", ""FileType"": ""JPEG"", ""MIMEType"": ""image/jpeg"", ""Directory"": ""/opt/app/uploads/deployment-images/20180430143453-untitled/018549d3-e045-421b-baef-42557e55c470"", ""ImageWidth"": 1920, ""ImageHeight"": 1080, ""BitsPerSample"": 8, ""ExifByteOrder"": ""Little-endian (Intel, II)"", ""FileAccessDate"": ""2018:05:31 11:15:12+00:00"", ""FileModifyDate"": ""2018:05:31 11:15:12+00:00"", ""ColorComponents"": 3, ""EncodingProcess"": ""Baseline DCT, Huffman coding"", ""FilePermissions"": ""rw-r--r--"", ""YCbCrSubSampling"": ""YCbCr4:2:2 (2 1)"", ""FileTypeExtension"": ""jpg"", ""FileInodeChangeDate"": ""2018:05:31 11:15:12+00:00""}, ""ExifTool"": {""ExifToolVersion"": 10.61}, ""Composite"": {""ImageSize"": ""1920x1080"", ""Megapixels"": 2.1, ""ShutterSpeed"": ""1/30""}, ""MakerNotes"": {""Contrast"": 160, ""Sequence"": ""10 of 10"", ""MoonPhase"": ""Full"", ""Sharpness"": 32, ""UserLabel"": ""NPHK 1-42"", ""Brightness"": 0, ""Saturation"": 0, ""EventNumber"": 18, ""TriggerMode"": ""Motion Detection"", ""FirmwareDate"": ""2016:12:29"", ""SerialNumber"": ""H600HK08281791"", ""BatteryVoltage"": ""9.27 V"", ""FirmwareVersion"": ""4.2.0"", ""DateTimeOriginal"": ""2018:04:28 04:28:59"", ""MakerNoteVersion"": ""0xf101"", ""MotionSensitivity"": 100, ""AmbientTemperature"": ""11 C"", ""InfraredIlluminator"": ""On"", ""AmbientTemperatureFahrenheit"": ""53 F""}, ""SourceFile"": ""/opt/app/uploads/deployment-images/20180430143453-untitled/018549d3-e045-421b-baef-42557e55c470/20180531111512-IMG_0237.JPG""}";9;28/04/2018 4:28;;{};018549d3-e045-421b-baef-42557e55c470
